matrix-mult,parallel-non-tiled,1,speed-up,2805,2805,0,176.877301
matrix-mult,parallel-paw-tiled,1,speed-up,2805,2805,1040,140.355524
slurmstepd: error: *** JOB 15410899 ON r04n05 CANCELLED AT 2023-01-02T16:38:07 ***
slurmstepd: error: *** STEP 15410899.2 ON r04n05 CANCELLED AT 2023-01-02T16:38:07 ***
matrix-mult,parallel-non-tiled,1,speed-up,2805,2805,0,240.707093
matrix-mult,parallel-paw-tiled,1,speed-up,2805,2805,144,137.679217
matrix-mult,parallel-paw-single-tiled,1,speed-up,2805,2805,144,237.315255
vector-mult,parallel-non-tiled,1,speed-up,4000,5896,0,0.091044
vector-mult,parallel-paw-tiled,1,speed-up,4000,5896,144,0.118589
vector-mult,parallel-paw-single-tiled,1,speed-up,4000,5896,144,0.122943
jacobi,parallel-non-tiled,1,speed-up,4858,4858,0,0.528314
jacobi,parallel-paw-tiled,1,speed-up,4858,4858,144,0.348368
jacobi,parallel-paw-single-tiled,1,speed-up,4858,4858,144,0.512449
matrix-mult,parallel-non-tiled-loop-inter,1,speed-up,2805,2805,0,128.935117
matrix-mult,parallel-paw-tiled-loop-inter,1,speed-up,2805,2805,144,127.628460
matrix-mult,parallel-paw-single-tiled-loop-inter,1,speed-up,2805,2805,144,131.050632
vector-mult,parallel-non-tiled-loop-inter,1,speed-up,4000,5896,0,0.115403
vector-mult,parallel-paw-tiled-loop-inter,1,speed-up,4000,5896,144,0.118634
vector-mult,parallel-paw-single-tiled-loop-inter,1,speed-up,4000,5896,144,0.111275
jacobi,parallel-non-tiled-loop-inter,1,speed-up,4858,4858,0,0.646255
jacobi,parallel-paw-tiled-loop-inter,1,speed-up,4858,4858,144,0.400810
jacobi,parallel-paw-single-tiled-loop-inter,1,speed-up,4858,4858,144,0.408087
matrix-mult,parallel-non-tiled,4,speed-up,2805,2805,0,70.680015
matrix-mult,parallel-paw-tiled,4,speed-up,2805,2805,144,39.775723
matrix-mult,parallel-paw-single-tiled,4,speed-up,2805,2805,144,71.133944
vector-mult,parallel-non-tiled,4,speed-up,4000,5896,0,0.053687
vector-mult,parallel-paw-tiled,4,speed-up,4000,5896,144,0.067371
vector-mult,parallel-paw-single-tiled,4,speed-up,4000,5896,144,0.063777
jacobi,parallel-non-tiled,4,speed-up,4858,4858,0,0.186082
jacobi,parallel-paw-tiled,4,speed-up,4858,4858,144,0.147819
jacobi,parallel-paw-single-tiled,4,speed-up,4858,4858,144,0.197495
matrix-mult,parallel-non-tiled-loop-inter,4,speed-up,2805,2805,0,35.670942
matrix-mult,parallel-paw-tiled-loop-inter,4,speed-up,2805,2805,144,35.365860
matrix-mult,parallel-paw-single-tiled-loop-inter,4,speed-up,2805,2805,144,36.290286
vector-mult,parallel-non-tiled-loop-inter,4,speed-up,4000,5896,0,0.053630
vector-mult,parallel-paw-tiled-loop-inter,4,speed-up,4000,5896,144,0.064778
vector-mult,parallel-paw-single-tiled-loop-inter,4,speed-up,4000,5896,144,0.060307
jacobi,parallel-non-tiled-loop-inter,4,speed-up,4858,4858,0,0.190335
jacobi,parallel-paw-tiled-loop-inter,4,speed-up,4858,4858,144,0.153451
jacobi,parallel-paw-single-tiled-loop-inter,4,speed-up,4858,4858,144,0.148179
matrix-mult,parallel-non-tiled,7,speed-up,2805,2805,0,44.810494
matrix-mult,parallel-paw-tiled,7,speed-up,2805,2805,144,25.924574
matrix-mult,parallel-paw-single-tiled,7,speed-up,2805,2805,144,46.078236
vector-mult,parallel-non-tiled,7,speed-up,4000,5896,0,0.034215
vector-mult,parallel-paw-tiled,7,speed-up,4000,5896,144,0.040919
vector-mult,parallel-paw-single-tiled,7,speed-up,4000,5896,144,0.040975
jacobi,parallel-non-tiled,7,speed-up,4858,4858,0,0.119279
jacobi,parallel-paw-tiled,7,speed-up,4858,4858,144,0.101505
jacobi,parallel-paw-single-tiled,7,speed-up,4858,4858,144,0.122300
matrix-mult,parallel-non-tiled-loop-inter,7,speed-up,2805,2805,0,22.067322
matrix-mult,parallel-paw-tiled-loop-inter,7,speed-up,2805,2805,144,22.103809
matrix-mult,parallel-paw-single-tiled-loop-inter,7,speed-up,2805,2805,144,22.612674
vector-mult,parallel-non-tiled-loop-inter,7,speed-up,4000,5896,0,0.033229
vector-mult,parallel-paw-tiled-loop-inter,7,speed-up,4000,5896,144,0.040469
vector-mult,parallel-paw-single-tiled-loop-inter,7,speed-up,4000,5896,144,0.039387
jacobi,parallel-non-tiled-loop-inter,7,speed-up,4858,4858,0,0.117486
jacobi,parallel-paw-tiled-loop-inter,7,speed-up,4858,4858,144,0.102079
jacobi,parallel-paw-single-tiled-loop-inter,7,speed-up,4858,4858,144,0.093963
matrix-mult,parallel-non-tiled,10,speed-up,2805,2805,0,34.152247
matrix-mult,parallel-paw-tiled,10,speed-up,2805,2805,144,18.029984
matrix-mult,parallel-paw-single-tiled,10,speed-up,2805,2805,144,33.712774
vector-mult,parallel-non-tiled,10,speed-up,4000,5896,0,0.024367
vector-mult,parallel-paw-tiled,10,speed-up,4000,5896,144,0.031616
vector-mult,parallel-paw-single-tiled,10,speed-up,4000,5896,144,0.029147
jacobi,parallel-non-tiled,10,speed-up,4858,4858,0,0.087532
jacobi,parallel-paw-tiled,10,speed-up,4858,4858,144,0.078273
jacobi,parallel-paw-single-tiled,10,speed-up,4858,4858,144,0.101257
matrix-mult,parallel-non-tiled-loop-inter,10,speed-up,2805,2805,0,15.916462
matrix-mult,parallel-paw-tiled-loop-inter,10,speed-up,2805,2805,144,15.733913
matrix-mult,parallel-paw-single-tiled-loop-inter,10,speed-up,2805,2805,144,16.204881
vector-mult,parallel-non-tiled-loop-inter,10,speed-up,4000,5896,0,0.024340
vector-mult,parallel-paw-tiled-loop-inter,10,speed-up,4000,5896,144,0.031598
vector-mult,parallel-paw-single-tiled-loop-inter,10,speed-up,4000,5896,144,0.029022
jacobi,parallel-non-tiled-loop-inter,10,speed-up,4858,4858,0,0.088160
jacobi,parallel-paw-tiled-loop-inter,10,speed-up,4858,4858,144,0.084983
jacobi,parallel-paw-single-tiled-loop-inter,10,speed-up,4858,4858,144,0.069373
matrix-mult,parallel-non-tiled,1,speed-up,2805,2805,0,168.833450
matrix-mult,parallel-paw-tiled,1,speed-up,2805,2805,16,98.181501
matrix-mult,parallel-paw-single-tiled,1,speed-up,2805,2805,16,125.257569
vector-mult,parallel-non-tiled,1,speed-up,4000,5896,0,0.073216
vector-mult,parallel-paw-tiled,1,speed-up,4000,5896,16,0.083841
vector-mult,parallel-paw-single-tiled,1,speed-up,4000,5896,16,0.098097
jacobi,parallel-non-tiled,1,speed-up,4858,4858,0,0.328233
jacobi,parallel-paw-tiled,1,speed-up,4858,4858,16,0.236632
jacobi,parallel-paw-single-tiled,1,speed-up,4858,4858,16,0.313718
matrix-mult,parallel-non-tiled-loop-inter,1,speed-up,2805,2805,0,101.497889
matrix-mult,parallel-paw-tiled-loop-inter,1,speed-up,2805,2805,16,92.071662
matrix-mult,parallel-paw-single-tiled-loop-inter,1,speed-up,2805,2805,16,119.501121
vector-mult,parallel-non-tiled-loop-inter,1,speed-up,4000,5896,0,0.073215
vector-mult,parallel-paw-tiled-loop-inter,1,speed-up,4000,5896,16,0.083618
vector-mult,parallel-paw-single-tiled-loop-inter,1,speed-up,4000,5896,16,0.090568
jacobi,parallel-non-tiled-loop-inter,1,speed-up,4858,4858,0,0.235930
jacobi,parallel-paw-tiled-loop-inter,1,speed-up,4858,4858,16,0.215866
jacobi,parallel-paw-single-tiled-loop-inter,1,speed-up,4858,4858,16,0.260913
matrix-mult,parallel-non-tiled,4,speed-up,2805,2805,0,50.742432
matrix-mult,parallel-paw-tiled,4,speed-up,2805,2805,16,25.896448
matrix-mult,parallel-paw-single-tiled,4,speed-up,2805,2805,16,35.434989
vector-mult,parallel-non-tiled,4,speed-up,4000,5896,0,0.023202
vector-mult,parallel-paw-tiled,4,speed-up,4000,5896,16,0.032966
vector-mult,parallel-paw-single-tiled,4,speed-up,4000,5896,16,0.026451
jacobi,parallel-non-tiled,4,speed-up,4858,4858,0,0.101271
jacobi,parallel-paw-tiled,4,speed-up,4858,4858,16,0.071117
jacobi,parallel-paw-single-tiled,4,speed-up,4858,4858,16,0.089153
matrix-mult,parallel-non-tiled-loop-inter,4,speed-up,2805,2805,0,27.201520
matrix-mult,parallel-paw-tiled-loop-inter,4,speed-up,2805,2805,16,24.454508
matrix-mult,parallel-paw-single-tiled-loop-inter,4,speed-up,2805,2805,16,31.178349
vector-mult,parallel-non-tiled-loop-inter,4,speed-up,4000,5896,0,0.028032
vector-mult,parallel-paw-tiled-loop-inter,4,speed-up,4000,5896,16,0.028093
vector-mult,parallel-paw-single-tiled-loop-inter,4,speed-up,4000,5896,16,0.031953
jacobi,parallel-non-tiled-loop-inter,4,speed-up,4858,4858,0,0.066479
jacobi,parallel-paw-tiled-loop-inter,4,speed-up,4858,4858,16,0.388471
jacobi,parallel-paw-single-tiled-loop-inter,4,speed-up,4858,4858,16,0.056856
matrix-mult,parallel-non-tiled,7,speed-up,2805,2805,0,31.294859
matrix-mult,parallel-paw-tiled,7,speed-up,2805,2805,16,15.822157
matrix-mult,parallel-paw-single-tiled,7,speed-up,2805,2805,16,23.557685
vector-mult,parallel-non-tiled,7,speed-up,4000,5896,0,0.017345
vector-mult,parallel-paw-tiled,7,speed-up,4000,5896,16,0.017587
vector-mult,parallel-paw-single-tiled,7,speed-up,4000,5896,16,0.018674
jacobi,parallel-non-tiled,7,speed-up,4858,4858,0,0.060081
jacobi,parallel-paw-tiled,7,speed-up,4858,4858,16,0.041262
jacobi,parallel-paw-single-tiled,7,speed-up,4858,4858,16,0.058014
matrix-mult,parallel-non-tiled-loop-inter,7,speed-up,2805,2805,0,15.747829
matrix-mult,parallel-paw-tiled-loop-inter,7,speed-up,2805,2805,16,14.166045
matrix-mult,parallel-paw-single-tiled-loop-inter,7,speed-up,2805,2805,16,17.193402
vector-mult,parallel-non-tiled-loop-inter,7,speed-up,4000,5896,0,0.017378
vector-mult,parallel-paw-tiled-loop-inter,7,speed-up,4000,5896,16,0.018548
vector-mult,parallel-paw-single-tiled-loop-inter,7,speed-up,4000,5896,16,0.016871
jacobi,parallel-non-tiled-loop-inter,7,speed-up,4858,4858,0,0.039497
jacobi,parallel-paw-tiled-loop-inter,7,speed-up,4858,4858,16,0.334607
jacobi,parallel-paw-single-tiled-loop-inter,7,speed-up,4858,4858,16,0.033023
matrix-mult,parallel-non-tiled,10,speed-up,2805,2805,0,20.946111
matrix-mult,parallel-paw-tiled,10,speed-up,2805,2805,16,11.528006
matrix-mult,parallel-paw-single-tiled,10,speed-up,2805,2805,16,16.924958
vector-mult,parallel-non-tiled,10,speed-up,4000,5896,0,0.012042
vector-mult,parallel-paw-tiled,10,speed-up,4000,5896,16,0.017130
vector-mult,parallel-paw-single-tiled,10,speed-up,4000,5896,16,0.018866
jacobi,parallel-non-tiled,10,speed-up,4858,4858,0,0.041776
jacobi,parallel-paw-tiled,10,speed-up,4858,4858,16,0.035140
jacobi,parallel-paw-single-tiled,10,speed-up,4858,4858,16,0.039071
matrix-mult,parallel-non-tiled-loop-inter,10,speed-up,2805,2805,0,11.673455
matrix-mult,parallel-paw-tiled-loop-inter,10,speed-up,2805,2805,16,10.493678
matrix-mult,parallel-paw-single-tiled-loop-inter,10,speed-up,2805,2805,16,13.271689
vector-mult,parallel-non-tiled-loop-inter,10,speed-up,4000,5896,0,0.012519
vector-mult,parallel-paw-tiled-loop-inter,10,speed-up,4000,5896,16,0.015988
vector-mult,parallel-paw-single-tiled-loop-inter,10,speed-up,4000,5896,16,0.019692
jacobi,parallel-non-tiled-loop-inter,10,speed-up,4858,4858,0,0.030647
jacobi,parallel-paw-tiled-loop-inter,10,speed-up,4858,4858,16,0.333799
jacobi,parallel-paw-single-tiled-loop-inter,10,speed-up,4858,4858,16,0.029793
matrix-mult,parallel-non-tiled,1,speed-up,2805,2805,0,167.995380
matrix-mult,parallel-paw-tiled,1,speed-up,2805,2805,208,125.274018
matrix-mult,parallel-paw-single-tiled,1,speed-up,2805,2805,208,133.137861
vector-mult,parallel-non-tiled,1,speed-up,4000,5896,0,0.079120
vector-mult,parallel-paw-tiled,1,speed-up,4000,5896,208,0.110066
vector-mult,parallel-paw-single-tiled,1,speed-up,4000,5896,208,0.104716
jacobi,parallel-non-tiled,1,speed-up,4858,4858,0,0.347845
jacobi,parallel-paw-tiled,1,speed-up,4858,4858,208,0.325324
jacobi,parallel-paw-single-tiled,1,speed-up,4858,4858,208,0.331446
matrix-mult,parallel-non-tiled-loop-inter,1,speed-up,2805,2805,0,101.506903
matrix-mult,parallel-paw-tiled-loop-inter,1,speed-up,2805,2805,208,110.573635
matrix-mult,parallel-paw-single-tiled-loop-inter,1,speed-up,2805,2805,208,113.961704
vector-mult,parallel-non-tiled-loop-inter,1,speed-up,4000,5896,0,0.073764
vector-mult,parallel-paw-tiled-loop-inter,1,speed-up,4000,5896,208,0.110250
vector-mult,parallel-paw-single-tiled-loop-inter,1,speed-up,4000,5896,208,0.100122
jacobi,parallel-non-tiled-loop-inter,1,speed-up,4858,4858,0,0.232513
jacobi,parallel-paw-tiled-loop-inter,1,speed-up,4858,4858,208,0.255012
jacobi,parallel-paw-single-tiled-loop-inter,1,speed-up,4858,4858,208,0.251648
matrix-mult,parallel-non-tiled,4,speed-up,2805,2805,0,54.124017
matrix-mult,parallel-paw-tiled,4,speed-up,2805,2805,208,39.192638
matrix-mult,parallel-paw-single-tiled,4,speed-up,2805,2805,208,52.627279
vector-mult,parallel-non-tiled,4,speed-up,4000,5896,0,0.026366
vector-mult,parallel-paw-tiled,4,speed-up,4000,5896,208,0.032338
vector-mult,parallel-paw-single-tiled,4,speed-up,4000,5896,208,0.029227
jacobi,parallel-non-tiled,4,speed-up,4858,4858,0,0.099397
jacobi,parallel-paw-tiled,4,speed-up,4858,4858,208,0.092250
jacobi,parallel-paw-single-tiled,4,speed-up,4858,4858,208,0.094736
matrix-mult,parallel-non-tiled-loop-inter,4,speed-up,2805,2805,0,27.267609
matrix-mult,parallel-paw-tiled-loop-inter,4,speed-up,2805,2805,208,29.954840
matrix-mult,parallel-paw-single-tiled-loop-inter,4,speed-up,2805,2805,208,29.897543
vector-mult,parallel-non-tiled-loop-inter,4,speed-up,4000,5896,0,0.027419
vector-mult,parallel-paw-tiled-loop-inter,4,speed-up,4000,5896,208,0.032091
vector-mult,parallel-paw-single-tiled-loop-inter,4,speed-up,4000,5896,208,0.033040
jacobi,parallel-non-tiled-loop-inter,4,speed-up,4858,4858,0,0.068634
jacobi,parallel-paw-tiled-loop-inter,4,speed-up,4858,4858,208,0.075956
jacobi,parallel-paw-single-tiled-loop-inter,4,speed-up,4858,4858,208,0.078984
matrix-mult,parallel-non-tiled,7,speed-up,2805,2805,0,27.790039
matrix-mult,parallel-paw-tiled,7,speed-up,2805,2805,208,19.700981
matrix-mult,parallel-paw-single-tiled,7,speed-up,2805,2805,208,25.414760
vector-mult,parallel-non-tiled,7,speed-up,4000,5896,0,0.018317
vector-mult,parallel-paw-tiled,7,speed-up,4000,5896,208,0.018848
vector-mult,parallel-paw-single-tiled,7,speed-up,4000,5896,208,0.023905
jacobi,parallel-non-tiled,7,speed-up,4858,4858,0,0.057836
jacobi,parallel-paw-tiled,7,speed-up,4858,4858,208,0.068508
jacobi,parallel-paw-single-tiled,7,speed-up,4858,4858,208,0.071329
matrix-mult,parallel-non-tiled-loop-inter,7,speed-up,2805,2805,0,15.737976
matrix-mult,parallel-paw-tiled-loop-inter,7,speed-up,2805,2805,208,17.361378
matrix-mult,parallel-paw-single-tiled-loop-inter,7,speed-up,2805,2805,208,17.179986
vector-mult,parallel-non-tiled-loop-inter,7,speed-up,4000,5896,0,0.013213
vector-mult,parallel-paw-tiled-loop-inter,7,speed-up,4000,5896,208,0.018426
vector-mult,parallel-paw-single-tiled-loop-inter,7,speed-up,4000,5896,208,0.020796
jacobi,parallel-non-tiled-loop-inter,7,speed-up,4858,4858,0,0.039815
jacobi,parallel-paw-tiled-loop-inter,7,speed-up,4858,4858,208,0.045343
jacobi,parallel-paw-single-tiled-loop-inter,7,speed-up,4858,4858,208,0.050065
matrix-mult,parallel-non-tiled,10,speed-up,2805,2805,0,20.782665
matrix-mult,parallel-paw-tiled,10,speed-up,2805,2805,208,20.339196
matrix-mult,parallel-paw-single-tiled,10,speed-up,2805,2805,208,26.425256
vector-mult,parallel-non-tiled,10,speed-up,4000,5896,0,0.015562
vector-mult,parallel-paw-tiled,10,speed-up,4000,5896,208,0.019274
vector-mult,parallel-paw-single-tiled,10,speed-up,4000,5896,208,0.019255
jacobi,parallel-non-tiled,10,speed-up,4858,4858,0,0.044108
jacobi,parallel-paw-tiled,10,speed-up,4858,4858,208,0.049078
jacobi,parallel-paw-single-tiled,10,speed-up,4858,4858,208,0.057329
matrix-mult,parallel-non-tiled-loop-inter,10,speed-up,2805,2805,0,11.675268
matrix-mult,parallel-paw-tiled-loop-inter,10,speed-up,2805,2805,208,12.791401
matrix-mult,parallel-paw-single-tiled-loop-inter,10,speed-up,2805,2805,208,12.653225
vector-mult,parallel-non-tiled-loop-inter,10,speed-up,4000,5896,0,0.011566
vector-mult,parallel-paw-tiled-loop-inter,10,speed-up,4000,5896,208,0.020158
vector-mult,parallel-paw-single-tiled-loop-inter,10,speed-up,4000,5896,208,0.016161
jacobi,parallel-non-tiled-loop-inter,10,speed-up,4858,4858,0,0.029985
jacobi,parallel-paw-tiled-loop-inter,10,speed-up,4858,4858,208,0.035997
jacobi,parallel-paw-single-tiled-loop-inter,10,speed-up,4858,4858,208,0.037245
matrix-mult,parallel-non-tiled,1,speed-up,2805,2805,0,246.152351
matrix-mult,parallel-paw-tiled,1,speed-up,2805,2805,272,142.844014
matrix-mult,parallel-paw-single-tiled,1,speed-up,2805,2805,272,241.221981
vector-mult,parallel-non-tiled,1,speed-up,4000,5896,0,0.095112
vector-mult,parallel-paw-tiled,1,speed-up,4000,5896,272,0.113743
vector-mult,parallel-paw-single-tiled,1,speed-up,4000,5896,272,0.110118
jacobi,parallel-non-tiled,1,speed-up,4858,4858,0,0.585020
jacobi,parallel-paw-tiled,1,speed-up,4858,4858,272,0.337205
jacobi,parallel-paw-single-tiled,1,speed-up,4858,4858,272,0.512600
matrix-mult,parallel-non-tiled-loop-inter,1,speed-up,2805,2805,0,130.078389
matrix-mult,parallel-paw-tiled-loop-inter,1,speed-up,2805,2805,272,128.206036
matrix-mult,parallel-paw-single-tiled-loop-inter,1,speed-up,2805,2805,272,129.060776
vector-mult,parallel-non-tiled-loop-inter,1,speed-up,4000,5896,0,0.097059
vector-mult,parallel-paw-tiled-loop-inter,1,speed-up,4000,5896,272,0.113511
vector-mult,parallel-paw-single-tiled-loop-inter,1,speed-up,4000,5896,272,0.103776
jacobi,parallel-non-tiled-loop-inter,1,speed-up,4858,4858,0,0.607854
jacobi,parallel-paw-tiled-loop-inter,1,speed-up,4858,4858,272,0.443408
jacobi,parallel-paw-single-tiled-loop-inter,1,speed-up,4858,4858,272,0.373262
matrix-mult,parallel-non-tiled,4,speed-up,2805,2805,0,70.511204
matrix-mult,parallel-paw-tiled,4,speed-up,2805,2805,272,45.582955
matrix-mult,parallel-paw-single-tiled,4,speed-up,2805,2805,272,80.416077
vector-mult,parallel-non-tiled,4,speed-up,4000,5896,0,0.056206
vector-mult,parallel-paw-tiled,4,speed-up,4000,5896,272,0.071015
vector-mult,parallel-paw-single-tiled,4,speed-up,4000,5896,272,0.062672
jacobi,parallel-non-tiled,4,speed-up,4858,4858,0,0.190081
jacobi,parallel-paw-tiled,4,speed-up,4858,4858,272,0.150060
jacobi,parallel-paw-single-tiled,4,speed-up,4858,4858,272,0.221834
matrix-mult,parallel-non-tiled-loop-inter,4,speed-up,2805,2805,0,34.724784
matrix-mult,parallel-paw-tiled-loop-inter,4,speed-up,2805,2805,272,35.190207
matrix-mult,parallel-paw-single-tiled-loop-inter,4,speed-up,2805,2805,272,34.868318
vector-mult,parallel-non-tiled-loop-inter,4,speed-up,4000,5896,0,0.055551
vector-mult,parallel-paw-tiled-loop-inter,4,speed-up,4000,5896,272,0.071351
vector-mult,parallel-paw-single-tiled-loop-inter,4,speed-up,4000,5896,272,0.067670
jacobi,parallel-non-tiled-loop-inter,4,speed-up,4858,4858,0,0.189579
jacobi,parallel-paw-tiled-loop-inter,4,speed-up,4858,4858,272,0.148454
jacobi,parallel-paw-single-tiled-loop-inter,4,speed-up,4858,4858,272,0.140305
matrix-mult,parallel-non-tiled,7,speed-up,2805,2805,0,44.838916
matrix-mult,parallel-paw-tiled,7,speed-up,2805,2805,272,33.017225
matrix-mult,parallel-paw-single-tiled,7,speed-up,2805,2805,272,56.340173
vector-mult,parallel-non-tiled,7,speed-up,4000,5896,0,0.034077
vector-mult,parallel-paw-tiled,7,speed-up,4000,5896,272,0.039601
vector-mult,parallel-paw-single-tiled,7,speed-up,4000,5896,272,0.039305
jacobi,parallel-non-tiled,7,speed-up,4858,4858,0,0.119050
jacobi,parallel-paw-tiled,7,speed-up,4858,4858,272,0.099670
jacobi,parallel-paw-single-tiled,7,speed-up,4858,4858,272,0.132056
matrix-mult,parallel-non-tiled-loop-inter,7,speed-up,2805,2805,0,22.127615
matrix-mult,parallel-paw-tiled-loop-inter,7,speed-up,2805,2805,272,21.960736
matrix-mult,parallel-paw-single-tiled-loop-inter,7,speed-up,2805,2805,272,22.240624
vector-mult,parallel-non-tiled-loop-inter,7,speed-up,4000,5896,0,0.035491
vector-mult,parallel-paw-tiled-loop-inter,7,speed-up,4000,5896,272,0.038369
vector-mult,parallel-paw-single-tiled-loop-inter,7,speed-up,4000,5896,272,0.036906
jacobi,parallel-non-tiled-loop-inter,7,speed-up,4858,4858,0,0.117658
jacobi,parallel-paw-tiled-loop-inter,7,speed-up,4858,4858,272,0.095357
jacobi,parallel-paw-single-tiled-loop-inter,7,speed-up,4858,4858,272,0.089992
matrix-mult,parallel-non-tiled,10,speed-up,2805,2805,0,32.938336
matrix-mult,parallel-paw-tiled,10,speed-up,2805,2805,272,32.107639
matrix-mult,parallel-paw-single-tiled,10,speed-up,2805,2805,272,56.235912
vector-mult,parallel-non-tiled,10,speed-up,4000,5896,0,0.024341
vector-mult,parallel-paw-tiled,10,speed-up,4000,5896,272,0.038411
vector-mult,parallel-paw-single-tiled,10,speed-up,4000,5896,272,0.029142
jacobi,parallel-non-tiled,10,speed-up,4858,4858,0,0.090186
jacobi,parallel-paw-tiled,10,speed-up,4858,4858,272,0.071904
jacobi,parallel-paw-single-tiled,10,speed-up,4858,4858,272,0.106339
matrix-mult,parallel-non-tiled-loop-inter,10,speed-up,2805,2805,0,15.904546
matrix-mult,parallel-paw-tiled-loop-inter,10,speed-up,2805,2805,272,15.749016
matrix-mult,parallel-paw-single-tiled-loop-inter,10,speed-up,2805,2805,272,15.814972
vector-mult,parallel-non-tiled-loop-inter,10,speed-up,4000,5896,0,0.024907
vector-mult,parallel-paw-tiled-loop-inter,10,speed-up,4000,5896,272,0.038415
vector-mult,parallel-paw-single-tiled-loop-inter,10,speed-up,4000,5896,272,0.036982
jacobi,parallel-non-tiled-loop-inter,10,speed-up,4858,4858,0,0.094377
jacobi,parallel-paw-tiled-loop-inter,10,speed-up,4858,4858,272,0.071190
jacobi,parallel-paw-single-tiled-loop-inter,10,speed-up,4858,4858,272,0.065605
matrix-mult,parallel-non-tiled,1,speed-up,2805,2805,0,245.771597
matrix-mult,parallel-paw-tiled,1,speed-up,2805,2805,336,144.739394
matrix-mult,parallel-paw-single-tiled,1,speed-up,2805,2805,336,241.448389
vector-mult,parallel-non-tiled,1,speed-up,4000,5896,0,0.091490
vector-mult,parallel-paw-tiled,1,speed-up,4000,5896,336,0.113316
vector-mult,parallel-paw-single-tiled,1,speed-up,4000,5896,336,0.109646
jacobi,parallel-non-tiled,1,speed-up,4858,4858,0,0.529028
jacobi,parallel-paw-tiled,1,speed-up,4858,4858,336,0.313888
jacobi,parallel-paw-single-tiled,1,speed-up,4858,4858,336,0.528137
matrix-mult,parallel-non-tiled-loop-inter,1,speed-up,2805,2805,0,128.179324
matrix-mult,parallel-paw-tiled-loop-inter,1,speed-up,2805,2805,336,126.720606
matrix-mult,parallel-paw-single-tiled-loop-inter,1,speed-up,2805,2805,336,127.040397
vector-mult,parallel-non-tiled-loop-inter,1,speed-up,4000,5896,0,0.091113
vector-mult,parallel-paw-tiled-loop-inter,1,speed-up,4000,5896,336,0.113236
vector-mult,parallel-paw-single-tiled-loop-inter,1,speed-up,4000,5896,336,0.109120
jacobi,parallel-non-tiled-loop-inter,1,speed-up,4858,4858,0,0.617230
jacobi,parallel-paw-tiled-loop-inter,1,speed-up,4858,4858,336,0.360679
jacobi,parallel-paw-single-tiled-loop-inter,1,speed-up,4858,4858,336,0.367024
matrix-mult,parallel-non-tiled,4,speed-up,2805,2805,0,71.287924
matrix-mult,parallel-paw-tiled,4,speed-up,2805,2805,336,57.992083
matrix-mult,parallel-paw-single-tiled,4,speed-up,2805,2805,336,96.401999
vector-mult,parallel-non-tiled,4,speed-up,4000,5896,0,0.055711
vector-mult,parallel-paw-tiled,4,speed-up,4000,5896,336,0.063908
vector-mult,parallel-paw-single-tiled,4,speed-up,4000,5896,336,0.062524
jacobi,parallel-non-tiled,4,speed-up,4858,4858,0,0.187473
jacobi,parallel-paw-tiled,4,speed-up,4858,4858,336,0.149580
jacobi,parallel-paw-single-tiled,4,speed-up,4858,4858,336,0.206334
matrix-mult,parallel-non-tiled-loop-inter,4,speed-up,2805,2805,0,34.899555
matrix-mult,parallel-paw-tiled-loop-inter,4,speed-up,2805,2805,336,35.380507
matrix-mult,parallel-paw-single-tiled-loop-inter,4,speed-up,2805,2805,336,34.602259
vector-mult,parallel-non-tiled-loop-inter,4,speed-up,4000,5896,0,0.053550
vector-mult,parallel-paw-tiled-loop-inter,4,speed-up,4000,5896,336,0.064160
vector-mult,parallel-paw-single-tiled-loop-inter,4,speed-up,4000,5896,336,0.068882
jacobi,parallel-non-tiled-loop-inter,4,speed-up,4858,4858,0,0.189515
jacobi,parallel-paw-tiled-loop-inter,4,speed-up,4858,4858,336,0.140399
jacobi,parallel-paw-single-tiled-loop-inter,4,speed-up,4858,4858,336,0.142070
matrix-mult,parallel-non-tiled,7,speed-up,2805,2805,0,45.242751
matrix-mult,parallel-paw-tiled,7,speed-up,2805,2805,336,40.032323
matrix-mult,parallel-paw-single-tiled,7,speed-up,2805,2805,336,69.390142
vector-mult,parallel-non-tiled,7,speed-up,4000,5896,0,0.033160
vector-mult,parallel-paw-tiled,7,speed-up,4000,5896,336,0.046060
vector-mult,parallel-paw-single-tiled,7,speed-up,4000,5896,336,0.039320
jacobi,parallel-non-tiled,7,speed-up,4858,4858,0,0.117389
jacobi,parallel-paw-tiled,7,speed-up,4858,4858,336,0.082892
jacobi,parallel-paw-single-tiled,7,speed-up,4858,4858,336,0.122689
matrix-mult,parallel-non-tiled-loop-inter,7,speed-up,2805,2805,0,22.149711
matrix-mult,parallel-paw-tiled-loop-inter,7,speed-up,2805,2805,336,21.997635
matrix-mult,parallel-paw-single-tiled-loop-inter,7,speed-up,2805,2805,336,21.970270
vector-mult,parallel-non-tiled-loop-inter,7,speed-up,4000,5896,0,0.033222
vector-mult,parallel-paw-tiled-loop-inter,7,speed-up,4000,5896,336,0.046309
vector-mult,parallel-paw-single-tiled-loop-inter,7,speed-up,4000,5896,336,0.043896
jacobi,parallel-non-tiled-loop-inter,7,speed-up,4858,4858,0,0.118135
jacobi,parallel-paw-tiled-loop-inter,7,speed-up,4858,4858,336,0.090924
jacobi,parallel-paw-single-tiled-loop-inter,7,speed-up,4858,4858,336,0.089933
matrix-mult,parallel-non-tiled,10,speed-up,2805,2805,0,34.092432
matrix-mult,parallel-paw-tiled,10,speed-up,2805,2805,336,22.472191
matrix-mult,parallel-paw-single-tiled,10,speed-up,2805,2805,336,39.806750
vector-mult,parallel-non-tiled,10,speed-up,4000,5896,0,0.024488
vector-mult,parallel-paw-tiled,10,speed-up,4000,5896,336,0.045597
vector-mult,parallel-paw-single-tiled,10,speed-up,4000,5896,336,0.028894
jacobi,parallel-non-tiled,10,speed-up,4858,4858,0,0.087525
jacobi,parallel-paw-tiled,10,speed-up,4858,4858,336,0.082845
jacobi,parallel-paw-single-tiled,10,speed-up,4858,4858,336,0.117287
matrix-mult,parallel-non-tiled-loop-inter,10,speed-up,2805,2805,0,15.904080
matrix-mult,parallel-paw-tiled-loop-inter,10,speed-up,2805,2805,336,15.677130
matrix-mult,parallel-paw-single-tiled-loop-inter,10,speed-up,2805,2805,336,15.753820
vector-mult,parallel-non-tiled-loop-inter,10,speed-up,4000,5896,0,0.024421
vector-mult,parallel-paw-tiled-loop-inter,10,speed-up,4000,5896,336,0.045738
vector-mult,parallel-paw-single-tiled-loop-inter,10,speed-up,4000,5896,336,0.031407
jacobi,parallel-non-tiled-loop-inter,10,speed-up,4858,4858,0,0.087302
jacobi,parallel-paw-tiled-loop-inter,10,speed-up,4858,4858,336,0.070021
jacobi,parallel-paw-single-tiled-loop-inter,10,speed-up,4858,4858,336,0.064495
matrix-mult,parallel-non-tiled,1,speed-up,2805,2805,0,140.201146
matrix-mult,parallel-paw-tiled,1,speed-up,2805,2805,400,126.814659
matrix-mult,parallel-paw-single-tiled,1,speed-up,2805,2805,400,168.300587
vector-mult,parallel-non-tiled,1,speed-up,4000,5896,0,0.073192
vector-mult,parallel-paw-tiled,1,speed-up,4000,5896,400,0.093779
vector-mult,parallel-paw-single-tiled,1,speed-up,4000,5896,400,0.092026
jacobi,parallel-non-tiled,1,speed-up,4858,4858,0,0.348348
jacobi,parallel-paw-tiled,1,speed-up,4858,4858,400,0.331466
jacobi,parallel-paw-single-tiled,1,speed-up,4858,4858,400,0.338643
matrix-mult,parallel-non-tiled-loop-inter,1,speed-up,2805,2805,0,101.665519
matrix-mult,parallel-paw-tiled-loop-inter,1,speed-up,2805,2805,400,103.075081
matrix-mult,parallel-paw-single-tiled-loop-inter,1,speed-up,2805,2805,400,103.607464
vector-mult,parallel-non-tiled-loop-inter,1,speed-up,4000,5896,0,0.073741
vector-mult,parallel-paw-tiled-loop-inter,1,speed-up,4000,5896,400,0.093919
vector-mult,parallel-paw-single-tiled-loop-inter,1,speed-up,4000,5896,400,0.087412
jacobi,parallel-non-tiled-loop-inter,1,speed-up,4858,4858,0,0.235471
jacobi,parallel-paw-tiled-loop-inter,1,speed-up,4858,4858,400,0.229480
jacobi,parallel-paw-single-tiled-loop-inter,1,speed-up,4858,4858,400,0.233951
matrix-mult,parallel-non-tiled,4,speed-up,2805,2805,0,54.249440
matrix-mult,parallel-paw-tiled,4,speed-up,2805,2805,400,39.044807
matrix-mult,parallel-paw-single-tiled,4,speed-up,2805,2805,400,47.430382
vector-mult,parallel-non-tiled,4,speed-up,4000,5896,0,0.025635
vector-mult,parallel-paw-tiled,4,speed-up,4000,5896,400,0.034229
vector-mult,parallel-paw-single-tiled,4,speed-up,4000,5896,400,0.034788
jacobi,parallel-non-tiled,4,speed-up,4858,4858,0,0.098295
jacobi,parallel-paw-tiled,4,speed-up,4858,4858,400,0.114086
jacobi,parallel-paw-single-tiled,4,speed-up,4858,4858,400,0.115179
matrix-mult,parallel-non-tiled-loop-inter,4,speed-up,2805,2805,0,27.310825
matrix-mult,parallel-paw-tiled-loop-inter,4,speed-up,2805,2805,400,27.323421
matrix-mult,parallel-paw-single-tiled-loop-inter,4,speed-up,2805,2805,400,27.640634
vector-mult,parallel-non-tiled-loop-inter,4,speed-up,4000,5896,0,0.031162
vector-mult,parallel-paw-tiled-loop-inter,4,speed-up,4000,5896,400,0.032219
vector-mult,parallel-paw-single-tiled-loop-inter,4,speed-up,4000,5896,400,0.033691
jacobi,parallel-non-tiled-loop-inter,4,speed-up,4858,4858,0,0.063798
jacobi,parallel-paw-tiled-loop-inter,4,speed-up,4858,4858,400,0.067751
jacobi,parallel-paw-single-tiled-loop-inter,4,speed-up,4858,4858,400,0.070919
matrix-mult,parallel-non-tiled,7,speed-up,2805,2805,0,27.905716
matrix-mult,parallel-paw-tiled,7,speed-up,2805,2805,400,39.131845
matrix-mult,parallel-paw-single-tiled,7,speed-up,2805,2805,400,44.244602
vector-mult,parallel-non-tiled,7,speed-up,4000,5896,0,0.019900
vector-mult,parallel-paw-tiled,7,speed-up,4000,5896,400,0.029423
vector-mult,parallel-paw-single-tiled,7,speed-up,4000,5896,400,0.023085
jacobi,parallel-non-tiled,7,speed-up,4858,4858,0,0.060299
jacobi,parallel-paw-tiled,7,speed-up,4858,4858,400,0.061183
jacobi,parallel-paw-single-tiled,7,speed-up,4858,4858,400,0.063562
matrix-mult,parallel-non-tiled-loop-inter,7,speed-up,2805,2805,0,15.759385
matrix-mult,parallel-paw-tiled-loop-inter,7,speed-up,2805,2805,400,15.881880
matrix-mult,parallel-paw-single-tiled-loop-inter,7,speed-up,2805,2805,400,15.992158
vector-mult,parallel-non-tiled-loop-inter,7,speed-up,4000,5896,0,0.013973
vector-mult,parallel-paw-tiled-loop-inter,7,speed-up,4000,5896,400,0.028497
vector-mult,parallel-paw-single-tiled-loop-inter,7,speed-up,4000,5896,400,0.021973
jacobi,parallel-non-tiled-loop-inter,7,speed-up,4858,4858,0,0.040284
jacobi,parallel-paw-tiled-loop-inter,7,speed-up,4858,4858,400,0.036868
jacobi,parallel-paw-single-tiled-loop-inter,7,speed-up,4858,4858,400,0.046760
matrix-mult,parallel-non-tiled,10,speed-up,2805,2805,0,22.938557
matrix-mult,parallel-paw-tiled,10,speed-up,2805,2805,400,22.125207
matrix-mult,parallel-paw-single-tiled,10,speed-up,2805,2805,400,28.522955
vector-mult,parallel-non-tiled,10,speed-up,4000,5896,0,0.017281
vector-mult,parallel-paw-tiled,10,speed-up,4000,5896,400,0.017975
vector-mult,parallel-paw-single-tiled,10,speed-up,4000,5896,400,0.018462
jacobi,parallel-non-tiled,10,speed-up,4858,4858,0,0.042353
jacobi,parallel-paw-tiled,10,speed-up,4858,4858,400,0.063420
jacobi,parallel-paw-single-tiled,10,speed-up,4858,4858,400,0.069694
matrix-mult,parallel-non-tiled-loop-inter,10,speed-up,2805,2805,0,11.677361
matrix-mult,parallel-paw-tiled-loop-inter,10,speed-up,2805,2805,400,11.736598
matrix-mult,parallel-paw-single-tiled-loop-inter,10,speed-up,2805,2805,400,11.825792
vector-mult,parallel-non-tiled-loop-inter,10,speed-up,4000,5896,0,0.016680
vector-mult,parallel-paw-tiled-loop-inter,10,speed-up,4000,5896,400,0.014876
vector-mult,parallel-paw-single-tiled-loop-inter,10,speed-up,4000,5896,400,0.022935
jacobi,parallel-non-tiled-loop-inter,10,speed-up,4858,4858,0,0.030150
jacobi,parallel-paw-tiled-loop-inter,10,speed-up,4858,4858,400,0.035893
jacobi,parallel-paw-single-tiled-loop-inter,10,speed-up,4858,4858,400,0.035958
matrix-mult,parallel-non-tiled,1,speed-up,2805,2805,0,242.873899
matrix-mult,parallel-paw-tiled,1,speed-up,2805,2805,464,147.499838
matrix-mult,parallel-paw-single-tiled,1,speed-up,2805,2805,464,236.393990
vector-mult,parallel-non-tiled,1,speed-up,4000,5896,0,0.090752
vector-mult,parallel-paw-tiled,1,speed-up,4000,5896,464,0.113046
vector-mult,parallel-paw-single-tiled,1,speed-up,4000,5896,464,0.109259
jacobi,parallel-non-tiled,1,speed-up,4858,4858,0,0.530286
jacobi,parallel-paw-tiled,1,speed-up,4858,4858,464,0.272071
jacobi,parallel-paw-single-tiled,1,speed-up,4858,4858,464,0.534618
matrix-mult,parallel-non-tiled-loop-inter,1,speed-up,2805,2805,0,125.102840
matrix-mult,parallel-paw-tiled-loop-inter,1,speed-up,2805,2805,464,123.075877
matrix-mult,parallel-paw-single-tiled-loop-inter,1,speed-up,2805,2805,464,123.423915
vector-mult,parallel-non-tiled-loop-inter,1,speed-up,4000,5896,0,0.091514
vector-mult,parallel-paw-tiled-loop-inter,1,speed-up,4000,5896,464,0.112967
vector-mult,parallel-paw-single-tiled-loop-inter,1,speed-up,4000,5896,464,0.112356
jacobi,parallel-non-tiled-loop-inter,1,speed-up,4858,4858,0,0.612802
jacobi,parallel-paw-tiled-loop-inter,1,speed-up,4858,4858,464,0.347523
jacobi,parallel-paw-single-tiled-loop-inter,1,speed-up,4858,4858,464,0.354290
matrix-mult,parallel-non-tiled,4,speed-up,2805,2805,0,68.557257
matrix-mult,parallel-paw-tiled,4,speed-up,2805,2805,464,55.019334
matrix-mult,parallel-paw-single-tiled,4,speed-up,2805,2805,464,88.243546
vector-mult,parallel-non-tiled,4,speed-up,4000,5896,0,0.054254
vector-mult,parallel-paw-tiled,4,speed-up,4000,5896,464,0.060784
vector-mult,parallel-paw-single-tiled,4,speed-up,4000,5896,464,0.063489
jacobi,parallel-non-tiled,4,speed-up,4858,4858,0,0.185217
jacobi,parallel-paw-tiled,4,speed-up,4858,4858,464,0.141164
jacobi,parallel-paw-single-tiled,4,speed-up,4858,4858,464,0.205315
matrix-mult,parallel-non-tiled-loop-inter,4,speed-up,2805,2805,0,34.659650
matrix-mult,parallel-paw-tiled-loop-inter,4,speed-up,2805,2805,464,34.288652
matrix-mult,parallel-paw-single-tiled-loop-inter,4,speed-up,2805,2805,464,34.301516
vector-mult,parallel-non-tiled-loop-inter,4,speed-up,4000,5896,0,0.054269
vector-mult,parallel-paw-tiled-loop-inter,4,speed-up,4000,5896,464,0.060880
vector-mult,parallel-paw-single-tiled-loop-inter,4,speed-up,4000,5896,464,0.057343
jacobi,parallel-non-tiled-loop-inter,4,speed-up,4858,4858,0,0.188668
jacobi,parallel-paw-tiled-loop-inter,4,speed-up,4858,4858,464,0.137899
jacobi,parallel-paw-single-tiled-loop-inter,4,speed-up,4858,4858,464,0.137632
matrix-mult,parallel-non-tiled,7,speed-up,2805,2805,0,45.463508
matrix-mult,parallel-paw-tiled,7,speed-up,2805,2805,464,31.293586
matrix-mult,parallel-paw-single-tiled,7,speed-up,2805,2805,464,51.372619
vector-mult,parallel-non-tiled,7,speed-up,4000,5896,0,0.033620
vector-mult,parallel-paw-tiled,7,speed-up,4000,5896,464,0.060510
vector-mult,parallel-paw-single-tiled,7,speed-up,4000,5896,464,0.039298
jacobi,parallel-non-tiled,7,speed-up,4858,4858,0,0.118574
jacobi,parallel-paw-tiled,7,speed-up,4858,4858,464,0.103715
jacobi,parallel-paw-single-tiled,7,speed-up,4858,4858,464,0.149777
matrix-mult,parallel-non-tiled-loop-inter,7,speed-up,2805,2805,0,22.032905
matrix-mult,parallel-paw-tiled-loop-inter,7,speed-up,2805,2805,464,21.646322
matrix-mult,parallel-paw-single-tiled-loop-inter,7,speed-up,2805,2805,464,21.892319
vector-mult,parallel-non-tiled-loop-inter,7,speed-up,4000,5896,0,0.034007
vector-mult,parallel-paw-tiled-loop-inter,7,speed-up,4000,5896,464,0.060808
vector-mult,parallel-paw-single-tiled-loop-inter,7,speed-up,4000,5896,464,0.041103
jacobi,parallel-non-tiled-loop-inter,7,speed-up,4858,4858,0,0.117454
jacobi,parallel-paw-tiled-loop-inter,7,speed-up,4858,4858,464,0.089811
jacobi,parallel-paw-single-tiled-loop-inter,7,speed-up,4858,4858,464,0.087705
matrix-mult,parallel-non-tiled,10,speed-up,2805,2805,0,36.782772
matrix-mult,parallel-paw-tiled,10,speed-up,2805,2805,464,30.673909
matrix-mult,parallel-paw-single-tiled,10,speed-up,2805,2805,464,56.210858
vector-mult,parallel-non-tiled,10,speed-up,4000,5896,0,0.024810
vector-mult,parallel-paw-tiled,10,speed-up,4000,5896,464,0.033873
vector-mult,parallel-paw-single-tiled,10,speed-up,4000,5896,464,0.028763
jacobi,parallel-non-tiled,10,speed-up,4858,4858,0,0.088885
jacobi,parallel-paw-tiled,10,speed-up,4858,4858,464,0.067399
jacobi,parallel-paw-single-tiled,10,speed-up,4858,4858,464,0.115461
matrix-mult,parallel-non-tiled-loop-inter,10,speed-up,2805,2805,0,15.918794
matrix-mult,parallel-paw-tiled-loop-inter,10,speed-up,2805,2805,464,15.663576
matrix-mult,parallel-paw-single-tiled-loop-inter,10,speed-up,2805,2805,464,15.675142
vector-mult,parallel-non-tiled-loop-inter,10,speed-up,4000,5896,0,0.024422
vector-mult,parallel-paw-tiled-loop-inter,10,speed-up,4000,5896,464,0.033832
vector-mult,parallel-paw-single-tiled-loop-inter,10,speed-up,4000,5896,464,0.041145
jacobi,parallel-non-tiled-loop-inter,10,speed-up,4858,4858,0,0.086421
jacobi,parallel-paw-tiled-loop-inter,10,speed-up,4858,4858,464,0.067957
jacobi,parallel-paw-single-tiled-loop-inter,10,speed-up,4858,4858,464,0.065062
matrix-mult,parallel-non-tiled,1,speed-up,2805,2805,0,242.631571
matrix-mult,parallel-paw-tiled,1,speed-up,2805,2805,528,150.471080
matrix-mult,parallel-paw-single-tiled,1,speed-up,2805,2805,528,250.543347
vector-mult,parallel-non-tiled,1,speed-up,4000,5896,0,0.091347
vector-mult,parallel-paw-tiled,1,speed-up,4000,5896,528,0.112905
vector-mult,parallel-paw-single-tiled,1,speed-up,4000,5896,528,0.109193
jacobi,parallel-non-tiled,1,speed-up,4858,4858,0,0.598510
jacobi,parallel-paw-tiled,1,speed-up,4858,4858,528,0.272104
jacobi,parallel-paw-single-tiled,1,speed-up,4858,4858,528,0.529749
matrix-mult,parallel-non-tiled-loop-inter,1,speed-up,2805,2805,0,128.316738
matrix-mult,parallel-paw-tiled-loop-inter,1,speed-up,2805,2805,528,126.000111
matrix-mult,parallel-paw-single-tiled-loop-inter,1,speed-up,2805,2805,528,124.963376
vector-mult,parallel-non-tiled-loop-inter,1,speed-up,4000,5896,0,0.096782
vector-mult,parallel-paw-tiled-loop-inter,1,speed-up,4000,5896,528,0.117679
vector-mult,parallel-paw-single-tiled-loop-inter,1,speed-up,4000,5896,528,0.102432
jacobi,parallel-non-tiled-loop-inter,1,speed-up,4858,4858,0,0.660921
jacobi,parallel-paw-tiled-loop-inter,1,speed-up,4858,4858,528,0.353677
jacobi,parallel-paw-single-tiled-loop-inter,1,speed-up,4858,4858,528,0.374744
matrix-mult,parallel-non-tiled,4,speed-up,2805,2805,0,71.701983
matrix-mult,parallel-paw-tiled,4,speed-up,2805,2805,528,64.827701
matrix-mult,parallel-paw-single-tiled,4,speed-up,2805,2805,528,98.631292
vector-mult,parallel-non-tiled,4,speed-up,4000,5896,0,0.053467
vector-mult,parallel-paw-tiled,4,speed-up,4000,5896,528,0.069288
vector-mult,parallel-paw-single-tiled,4,speed-up,4000,5896,528,0.065464
jacobi,parallel-non-tiled,4,speed-up,4858,4858,0,0.188694
jacobi,parallel-paw-tiled,4,speed-up,4858,4858,528,0.162626
jacobi,parallel-paw-single-tiled,4,speed-up,4858,4858,528,0.230906
matrix-mult,parallel-non-tiled-loop-inter,4,speed-up,2805,2805,0,36.078556
matrix-mult,parallel-paw-tiled-loop-inter,4,speed-up,2805,2805,528,34.311383
matrix-mult,parallel-paw-single-tiled-loop-inter,4,speed-up,2805,2805,528,35.564886
vector-mult,parallel-non-tiled-loop-inter,4,speed-up,4000,5896,0,0.053449
vector-mult,parallel-paw-tiled-loop-inter,4,speed-up,4000,5896,528,0.066501
vector-mult,parallel-paw-single-tiled-loop-inter,4,speed-up,4000,5896,528,0.063191
jacobi,parallel-non-tiled-loop-inter,4,speed-up,4858,4858,0,0.191793
jacobi,parallel-paw-tiled-loop-inter,4,speed-up,4858,4858,528,0.138588
jacobi,parallel-paw-single-tiled-loop-inter,4,speed-up,4858,4858,528,0.137472
matrix-mult,parallel-non-tiled,7,speed-up,2805,2805,0,46.554681
matrix-mult,parallel-paw-tiled,7,speed-up,2805,2805,528,35.005546
matrix-mult,parallel-paw-single-tiled,7,speed-up,2805,2805,528,55.872738
vector-mult,parallel-non-tiled,7,speed-up,4000,5896,0,0.033162
vector-mult,parallel-paw-tiled,7,speed-up,4000,5896,528,0.037228
vector-mult,parallel-paw-single-tiled,7,speed-up,4000,5896,528,0.040316
jacobi,parallel-non-tiled,7,speed-up,4858,4858,0,0.117531
jacobi,parallel-paw-tiled,7,speed-up,4858,4858,528,0.114167
jacobi,parallel-paw-single-tiled,7,speed-up,4858,4858,528,0.171598
matrix-mult,parallel-non-tiled-loop-inter,7,speed-up,2805,2805,0,22.215110
matrix-mult,parallel-paw-tiled-loop-inter,7,speed-up,2805,2805,528,21.598183
matrix-mult,parallel-paw-single-tiled-loop-inter,7,speed-up,2805,2805,528,21.754603
vector-mult,parallel-non-tiled-loop-inter,7,speed-up,4000,5896,0,0.034091
vector-mult,parallel-paw-tiled-loop-inter,7,speed-up,4000,5896,528,0.038422
vector-mult,parallel-paw-single-tiled-loop-inter,7,speed-up,4000,5896,528,0.045429
jacobi,parallel-non-tiled-loop-inter,7,speed-up,4858,4858,0,0.117845
jacobi,parallel-paw-tiled-loop-inter,7,speed-up,4858,4858,528,0.089753
jacobi,parallel-paw-single-tiled-loop-inter,7,speed-up,4858,4858,528,0.090512
matrix-mult,parallel-non-tiled,10,speed-up,2805,2805,0,33.363589
matrix-mult,parallel-paw-tiled,10,speed-up,2805,2805,528,34.931743
matrix-mult,parallel-paw-single-tiled,10,speed-up,2805,2805,528,55.796582
vector-mult,parallel-non-tiled,10,speed-up,4000,5896,0,0.024542
vector-mult,parallel-paw-tiled,10,speed-up,4000,5896,528,0.037587
vector-mult,parallel-paw-single-tiled,10,speed-up,4000,5896,528,0.029017
jacobi,parallel-non-tiled,10,speed-up,4858,4858,0,0.088813
jacobi,parallel-paw-tiled,10,speed-up,4858,4858,528,0.065389
jacobi,parallel-paw-single-tiled,10,speed-up,4858,4858,528,0.093704
matrix-mult,parallel-non-tiled-loop-inter,10,speed-up,2805,2805,0,15.914841
matrix-mult,parallel-paw-tiled-loop-inter,10,speed-up,2805,2805,528,15.632191
matrix-mult,parallel-paw-single-tiled-loop-inter,10,speed-up,2805,2805,528,15.665495
vector-mult,parallel-non-tiled-loop-inter,10,speed-up,4000,5896,0,0.024319
vector-mult,parallel-paw-tiled-loop-inter,10,speed-up,4000,5896,528,0.037295
vector-mult,parallel-paw-single-tiled-loop-inter,10,speed-up,4000,5896,528,0.045456
jacobi,parallel-non-tiled-loop-inter,10,speed-up,4858,4858,0,0.086307
jacobi,parallel-paw-tiled-loop-inter,10,speed-up,4858,4858,528,0.067524
jacobi,parallel-paw-single-tiled-loop-inter,10,speed-up,4858,4858,528,0.065214
matrix-mult,parallel-non-tiled,1,speed-up,2805,2805,0,175.192731
matrix-mult,parallel-paw-tiled,1,speed-up,2805,2805,592,126.311267
matrix-mult,parallel-paw-single-tiled,1,speed-up,2805,2805,592,152.478378
vector-mult,parallel-non-tiled,1,speed-up,4000,5896,0,0.073199
vector-mult,parallel-paw-tiled,1,speed-up,4000,5896,592,0.093408
vector-mult,parallel-paw-single-tiled,1,speed-up,4000,5896,592,0.091284
jacobi,parallel-non-tiled,1,speed-up,4858,4858,0,0.347881
jacobi,parallel-paw-tiled,1,speed-up,4858,4858,592,0.338177
jacobi,parallel-paw-single-tiled,1,speed-up,4858,4858,592,0.336631
matrix-mult,parallel-non-tiled-loop-inter,1,speed-up,2805,2805,0,101.497488
matrix-mult,parallel-paw-tiled-loop-inter,1,speed-up,2805,2805,592,102.485079
matrix-mult,parallel-paw-single-tiled-loop-inter,1,speed-up,2805,2805,592,102.903312
vector-mult,parallel-non-tiled-loop-inter,1,speed-up,4000,5896,0,0.073194
vector-mult,parallel-paw-tiled-loop-inter,1,speed-up,4000,5896,592,0.093806
vector-mult,parallel-paw-single-tiled-loop-inter,1,speed-up,4000,5896,592,0.086640
jacobi,parallel-non-tiled-loop-inter,1,speed-up,4858,4858,0,0.232751
jacobi,parallel-paw-tiled-loop-inter,1,speed-up,4858,4858,592,0.224153
jacobi,parallel-paw-single-tiled-loop-inter,1,speed-up,4858,4858,592,0.227454
matrix-mult,parallel-non-tiled,4,speed-up,2805,2805,0,53.753260
matrix-mult,parallel-paw-tiled,4,speed-up,2805,2805,592,58.204000
matrix-mult,parallel-paw-single-tiled,4,speed-up,2805,2805,592,75.361688
vector-mult,parallel-non-tiled,4,speed-up,4000,5896,0,0.026937
vector-mult,parallel-paw-tiled,4,speed-up,4000,5896,592,0.037268
vector-mult,parallel-paw-single-tiled,4,speed-up,4000,5896,592,0.037635
jacobi,parallel-non-tiled,4,speed-up,4858,4858,0,0.097694
jacobi,parallel-paw-tiled,4,speed-up,4858,4858,592,0.129466
jacobi,parallel-paw-single-tiled,4,speed-up,4858,4858,592,0.130460
matrix-mult,parallel-non-tiled-loop-inter,4,speed-up,2805,2805,0,27.235867
matrix-mult,parallel-paw-tiled-loop-inter,4,speed-up,2805,2805,592,27.288443
matrix-mult,parallel-paw-single-tiled-loop-inter,4,speed-up,2805,2805,592,27.493353
vector-mult,parallel-non-tiled-loop-inter,4,speed-up,4000,5896,0,0.027808
vector-mult,parallel-paw-tiled-loop-inter,4,speed-up,4000,5896,592,0.033511
vector-mult,parallel-paw-single-tiled-loop-inter,4,speed-up,4000,5896,592,0.030198
jacobi,parallel-non-tiled-loop-inter,4,speed-up,4858,4858,0,0.067295
jacobi,parallel-paw-tiled-loop-inter,4,speed-up,4858,4858,592,0.063148
jacobi,parallel-paw-single-tiled-loop-inter,4,speed-up,4858,4858,592,0.062264
matrix-mult,parallel-non-tiled,7,speed-up,2805,2805,0,31.121151
matrix-mult,parallel-paw-tiled,7,speed-up,2805,2805,592,34.879725
matrix-mult,parallel-paw-single-tiled,7,speed-up,2805,2805,592,41.809406
vector-mult,parallel-non-tiled,7,speed-up,4000,5896,0,0.019543
vector-mult,parallel-paw-tiled,7,speed-up,4000,5896,592,0.021478
vector-mult,parallel-paw-single-tiled,7,speed-up,4000,5896,592,0.028406
jacobi,parallel-non-tiled,7,speed-up,4858,4858,0,0.062596
jacobi,parallel-paw-tiled,7,speed-up,4858,4858,592,0.088939
jacobi,parallel-paw-single-tiled,7,speed-up,4858,4858,592,0.092404
matrix-mult,parallel-non-tiled-loop-inter,7,speed-up,2805,2805,0,15.798958
matrix-mult,parallel-paw-tiled-loop-inter,7,speed-up,2805,2805,592,15.841802
matrix-mult,parallel-paw-single-tiled-loop-inter,7,speed-up,2805,2805,592,15.896267
vector-mult,parallel-non-tiled-loop-inter,7,speed-up,4000,5896,0,0.020594
vector-mult,parallel-paw-tiled-loop-inter,7,speed-up,4000,5896,592,0.019125
vector-mult,parallel-paw-single-tiled-loop-inter,7,speed-up,4000,5896,592,0.024901
jacobi,parallel-non-tiled-loop-inter,7,speed-up,4858,4858,0,0.039540
jacobi,parallel-paw-tiled-loop-inter,7,speed-up,4858,4858,592,0.041035
jacobi,parallel-paw-single-tiled-loop-inter,7,speed-up,4858,4858,592,0.046370
matrix-mult,parallel-non-tiled,10,speed-up,2805,2805,0,21.093941
matrix-mult,parallel-paw-tiled,10,speed-up,2805,2805,592,33.491883
matrix-mult,parallel-paw-single-tiled,10,speed-up,2805,2805,592,37.589688
vector-mult,parallel-non-tiled,10,speed-up,4000,5896,0,0.013003
vector-mult,parallel-paw-tiled,10,speed-up,4000,5896,592,0.019551
vector-mult,parallel-paw-single-tiled,10,speed-up,4000,5896,592,0.017988
jacobi,parallel-non-tiled,10,speed-up,4858,4858,0,0.046875
jacobi,parallel-paw-tiled,10,speed-up,4858,4858,592,0.048220
jacobi,parallel-paw-single-tiled,10,speed-up,4858,4858,592,0.052831
matrix-mult,parallel-non-tiled-loop-inter,10,speed-up,2805,2805,0,11.693318
matrix-mult,parallel-paw-tiled-loop-inter,10,speed-up,2805,2805,592,11.705620
matrix-mult,parallel-paw-single-tiled-loop-inter,10,speed-up,2805,2805,592,11.768048
vector-mult,parallel-non-tiled-loop-inter,10,speed-up,4000,5896,0,0.012398
vector-mult,parallel-paw-tiled-loop-inter,10,speed-up,4000,5896,592,0.020550
vector-mult,parallel-paw-single-tiled-loop-inter,10,speed-up,4000,5896,592,0.016892
jacobi,parallel-non-tiled-loop-inter,10,speed-up,4858,4858,0,0.031682
jacobi,parallel-paw-tiled-loop-inter,10,speed-up,4858,4858,592,0.036444
jacobi,parallel-paw-single-tiled-loop-inter,10,speed-up,4858,4858,592,0.045822
matrix-mult,parallel-non-tiled,1,speed-up,2805,2805,0,181.367169
matrix-mult,parallel-paw-tiled,1,speed-up,2805,2805,656,126.000767
matrix-mult,parallel-paw-single-tiled,1,speed-up,2805,2805,656,152.563119
vector-mult,parallel-non-tiled,1,speed-up,4000,5896,0,0.073433
vector-mult,parallel-paw-tiled,1,speed-up,4000,5896,656,0.093160
vector-mult,parallel-paw-single-tiled,1,speed-up,4000,5896,656,0.089702
jacobi,parallel-non-tiled,1,speed-up,4858,4858,0,0.346877
jacobi,parallel-paw-tiled,1,speed-up,4858,4858,656,0.338566
jacobi,parallel-paw-single-tiled,1,speed-up,4858,4858,656,0.340514
matrix-mult,parallel-non-tiled-loop-inter,1,speed-up,2805,2805,0,101.524969
matrix-mult,parallel-paw-tiled-loop-inter,1,speed-up,2805,2805,656,102.951665
matrix-mult,parallel-paw-single-tiled-loop-inter,1,speed-up,2805,2805,656,103.379842
vector-mult,parallel-non-tiled-loop-inter,1,speed-up,4000,5896,0,0.073510
vector-mult,parallel-paw-tiled-loop-inter,1,speed-up,4000,5896,656,0.093113
vector-mult,parallel-paw-single-tiled-loop-inter,1,speed-up,4000,5896,656,0.085737
jacobi,parallel-non-tiled-loop-inter,1,speed-up,4858,4858,0,0.230572
jacobi,parallel-paw-tiled-loop-inter,1,speed-up,4858,4858,656,0.225894
jacobi,parallel-paw-single-tiled-loop-inter,1,speed-up,4858,4858,656,0.227738
matrix-mult,parallel-non-tiled,4,speed-up,2805,2805,0,53.342921
matrix-mult,parallel-paw-tiled,4,speed-up,2805,2805,656,63.303570
matrix-mult,parallel-paw-single-tiled,4,speed-up,2805,2805,656,82.522506
vector-mult,parallel-non-tiled,4,speed-up,4000,5896,0,0.024611
vector-mult,parallel-paw-tiled,4,speed-up,4000,5896,656,0.040632
vector-mult,parallel-paw-single-tiled,4,speed-up,4000,5896,656,0.034796
jacobi,parallel-non-tiled,4,speed-up,4858,4858,0,0.097939
jacobi,parallel-paw-tiled,4,speed-up,4858,4858,656,0.099613
jacobi,parallel-paw-single-tiled,4,speed-up,4858,4858,656,0.099107
matrix-mult,parallel-non-tiled-loop-inter,4,speed-up,2805,2805,0,27.337066
matrix-mult,parallel-paw-tiled-loop-inter,4,speed-up,2805,2805,656,27.432623
matrix-mult,parallel-paw-single-tiled-loop-inter,4,speed-up,2805,2805,656,27.515028
vector-mult,parallel-non-tiled-loop-inter,4,speed-up,4000,5896,0,0.024008
vector-mult,parallel-paw-tiled-loop-inter,4,speed-up,4000,5896,656,0.034087
vector-mult,parallel-paw-single-tiled-loop-inter,4,speed-up,4000,5896,656,0.030689
jacobi,parallel-non-tiled-loop-inter,4,speed-up,4858,4858,0,0.062024
jacobi,parallel-paw-tiled-loop-inter,4,speed-up,4858,4858,656,0.068342
jacobi,parallel-paw-single-tiled-loop-inter,4,speed-up,4858,4858,656,0.074687
matrix-mult,parallel-non-tiled,7,speed-up,2805,2805,0,27.453263
matrix-mult,parallel-paw-tiled,7,speed-up,2805,2805,656,37.042944
matrix-mult,parallel-paw-single-tiled,7,speed-up,2805,2805,656,40.579145
vector-mult,parallel-non-tiled,7,speed-up,4000,5896,0,0.013608
vector-mult,parallel-paw-tiled,7,speed-up,4000,5896,656,0.020553
vector-mult,parallel-paw-single-tiled,7,speed-up,4000,5896,656,0.020869
jacobi,parallel-non-tiled,7,speed-up,4858,4858,0,0.053235
jacobi,parallel-paw-tiled,7,speed-up,4858,4858,656,0.096093
jacobi,parallel-paw-single-tiled,7,speed-up,4858,4858,656,0.095639
matrix-mult,parallel-non-tiled-loop-inter,7,speed-up,2805,2805,0,15.826194
matrix-mult,parallel-paw-tiled-loop-inter,7,speed-up,2805,2805,656,15.887289
matrix-mult,parallel-paw-single-tiled-loop-inter,7,speed-up,2805,2805,656,15.971229
vector-mult,parallel-non-tiled-loop-inter,7,speed-up,4000,5896,0,0.021808
vector-mult,parallel-paw-tiled-loop-inter,7,speed-up,4000,5896,656,0.018500
vector-mult,parallel-paw-single-tiled-loop-inter,7,speed-up,4000,5896,656,0.029559
jacobi,parallel-non-tiled-loop-inter,7,speed-up,4858,4858,0,0.042485
jacobi,parallel-paw-tiled-loop-inter,7,speed-up,4858,4858,656,0.043022
jacobi,parallel-paw-single-tiled-loop-inter,7,speed-up,4858,4858,656,0.049035
matrix-mult,parallel-non-tiled,10,speed-up,2805,2805,0,22.938370
matrix-mult,parallel-paw-tiled,10,speed-up,2805,2805,656,37.953223
matrix-mult,parallel-paw-single-tiled,10,speed-up,2805,2805,656,45.876033
vector-mult,parallel-non-tiled,10,speed-up,4000,5896,0,0.016410
vector-mult,parallel-paw-tiled,10,speed-up,4000,5896,656,0.019187
vector-mult,parallel-paw-single-tiled,10,speed-up,4000,5896,656,0.012386
jacobi,parallel-non-tiled,10,speed-up,4858,4858,0,0.046076
jacobi,parallel-paw-tiled,10,speed-up,4858,4858,656,0.055656
jacobi,parallel-paw-single-tiled,10,speed-up,4858,4858,656,0.053433
matrix-mult,parallel-non-tiled-loop-inter,10,speed-up,2805,2805,0,11.653403
matrix-mult,parallel-paw-tiled-loop-inter,10,speed-up,2805,2805,656,11.703804
matrix-mult,parallel-paw-single-tiled-loop-inter,10,speed-up,2805,2805,656,11.767468
vector-mult,parallel-non-tiled-loop-inter,10,speed-up,4000,5896,0,0.017119
vector-mult,parallel-paw-tiled-loop-inter,10,speed-up,4000,5896,656,0.019240
vector-mult,parallel-paw-single-tiled-loop-inter,10,speed-up,4000,5896,656,0.016673
jacobi,parallel-non-tiled-loop-inter,10,speed-up,4858,4858,0,0.029729
jacobi,parallel-paw-tiled-loop-inter,10,speed-up,4858,4858,656,0.028853
jacobi,parallel-paw-single-tiled-loop-inter,10,speed-up,4858,4858,656,0.028944
matrix-mult,parallel-non-tiled,1,speed-up,2805,2805,0,241.956596
matrix-mult,parallel-paw-tiled,1,speed-up,2805,2805,720,149.938932
matrix-mult,parallel-paw-single-tiled,1,speed-up,2805,2805,720,237.650926
vector-mult,parallel-non-tiled,1,speed-up,4000,5896,0,0.091025
vector-mult,parallel-paw-tiled,1,speed-up,4000,5896,720,0.112721
vector-mult,parallel-paw-single-tiled,1,speed-up,4000,5896,720,0.109195
jacobi,parallel-non-tiled,1,speed-up,4858,4858,0,0.527696
jacobi,parallel-paw-tiled,1,speed-up,4858,4858,720,0.282032
jacobi,parallel-paw-single-tiled,1,speed-up,4858,4858,720,0.600484
matrix-mult,parallel-non-tiled-loop-inter,1,speed-up,2805,2805,0,126.780095
matrix-mult,parallel-paw-tiled-loop-inter,1,speed-up,2805,2805,720,125.829130
matrix-mult,parallel-paw-single-tiled-loop-inter,1,speed-up,2805,2805,720,125.432156
vector-mult,parallel-non-tiled-loop-inter,1,speed-up,4000,5896,0,0.090983
vector-mult,parallel-paw-tiled-loop-inter,1,speed-up,4000,5896,720,0.112861
vector-mult,parallel-paw-single-tiled-loop-inter,1,speed-up,4000,5896,720,0.102254
jacobi,parallel-non-tiled-loop-inter,1,speed-up,4858,4858,0,0.608551
jacobi,parallel-paw-tiled-loop-inter,1,speed-up,4858,4858,720,0.354200
jacobi,parallel-paw-single-tiled-loop-inter,1,speed-up,4858,4858,720,0.363983
matrix-mult,parallel-non-tiled,4,speed-up,2805,2805,0,69.562652
matrix-mult,parallel-paw-tiled,4,speed-up,2805,2805,720,45.378077
matrix-mult,parallel-paw-single-tiled,4,speed-up,2805,2805,720,72.118995
vector-mult,parallel-non-tiled,4,speed-up,4000,5896,0,0.055764
vector-mult,parallel-paw-tiled,4,speed-up,4000,5896,720,0.085768
vector-mult,parallel-paw-single-tiled,4,speed-up,4000,5896,720,0.062008
jacobi,parallel-non-tiled,4,speed-up,4858,4858,0,0.184845
jacobi,parallel-paw-tiled,4,speed-up,4858,4858,720,0.148631
jacobi,parallel-paw-single-tiled,4,speed-up,4858,4858,720,0.211563
matrix-mult,parallel-non-tiled-loop-inter,4,speed-up,2805,2805,0,35.603950
matrix-mult,parallel-paw-tiled-loop-inter,4,speed-up,2805,2805,720,34.687212
matrix-mult,parallel-paw-single-tiled-loop-inter,4,speed-up,2805,2805,720,34.080024
vector-mult,parallel-non-tiled-loop-inter,4,speed-up,4000,5896,0,0.055518
vector-mult,parallel-paw-tiled-loop-inter,4,speed-up,4000,5896,720,0.089161
vector-mult,parallel-paw-single-tiled-loop-inter,4,speed-up,4000,5896,720,0.058260
jacobi,parallel-non-tiled-loop-inter,4,speed-up,4858,4858,0,0.189387
jacobi,parallel-paw-tiled-loop-inter,4,speed-up,4858,4858,720,0.139100
jacobi,parallel-paw-single-tiled-loop-inter,4,speed-up,4858,4858,720,0.144561
matrix-mult,parallel-non-tiled,7,speed-up,2805,2805,0,46.632429
matrix-mult,parallel-paw-tiled,7,speed-up,2805,2805,720,45.364547
matrix-mult,parallel-paw-single-tiled,7,speed-up,2805,2805,720,71.214674
vector-mult,parallel-non-tiled,7,speed-up,4000,5896,0,0.034270
vector-mult,parallel-paw-tiled,7,speed-up,4000,5896,720,0.050430
vector-mult,parallel-paw-single-tiled,7,speed-up,4000,5896,720,0.039350
jacobi,parallel-non-tiled,7,speed-up,4858,4858,0,0.122534
jacobi,parallel-paw-tiled,7,speed-up,4858,4858,720,0.084090
jacobi,parallel-paw-single-tiled,7,speed-up,4858,4858,720,0.121674
matrix-mult,parallel-non-tiled-loop-inter,7,speed-up,2805,2805,0,21.975537
matrix-mult,parallel-paw-tiled-loop-inter,7,speed-up,2805,2805,720,21.731286
matrix-mult,parallel-paw-single-tiled-loop-inter,7,speed-up,2805,2805,720,21.865100
vector-mult,parallel-non-tiled-loop-inter,7,speed-up,4000,5896,0,0.034486
vector-mult,parallel-paw-tiled-loop-inter,7,speed-up,4000,5896,720,0.048600
vector-mult,parallel-paw-single-tiled-loop-inter,7,speed-up,4000,5896,720,0.058448
jacobi,parallel-non-tiled-loop-inter,7,speed-up,4858,4858,0,0.118585
jacobi,parallel-paw-tiled-loop-inter,7,speed-up,4858,4858,720,0.088816
jacobi,parallel-paw-single-tiled-loop-inter,7,speed-up,4858,4858,720,0.088118
matrix-mult,parallel-non-tiled,10,speed-up,2805,2805,0,34.345392
matrix-mult,parallel-paw-tiled,10,speed-up,2805,2805,720,45.534751
matrix-mult,parallel-paw-single-tiled,10,speed-up,2805,2805,720,72.081548
vector-mult,parallel-non-tiled,10,speed-up,4000,5896,0,0.024372
vector-mult,parallel-paw-tiled,10,speed-up,4000,5896,720,0.048801
vector-mult,parallel-paw-single-tiled,10,speed-up,4000,5896,720,0.028760
jacobi,parallel-non-tiled,10,speed-up,4858,4858,0,0.087724
jacobi,parallel-paw-tiled,10,speed-up,4858,4858,720,0.084063
jacobi,parallel-paw-single-tiled,10,speed-up,4858,4858,720,0.123644
matrix-mult,parallel-non-tiled-loop-inter,10,speed-up,2805,2805,0,15.908528
matrix-mult,parallel-paw-tiled-loop-inter,10,speed-up,2805,2805,720,15.575029
matrix-mult,parallel-paw-single-tiled-loop-inter,10,speed-up,2805,2805,720,15.597330
vector-mult,parallel-non-tiled-loop-inter,10,speed-up,4000,5896,0,0.024567
vector-mult,parallel-paw-tiled-loop-inter,10,speed-up,4000,5896,720,0.050768
vector-mult,parallel-paw-single-tiled-loop-inter,10,speed-up,4000,5896,720,0.033286
jacobi,parallel-non-tiled-loop-inter,10,speed-up,4858,4858,0,0.088453
jacobi,parallel-paw-tiled-loop-inter,10,speed-up,4858,4858,720,0.066326
jacobi,parallel-paw-single-tiled-loop-inter,10,speed-up,4858,4858,720,0.067397
matrix-mult,parallel-non-tiled,1,speed-up,2805,2805,0,247.781420
matrix-mult,parallel-paw-tiled,1,speed-up,2805,2805,784,150.542740
matrix-mult,parallel-paw-single-tiled,1,speed-up,2805,2805,784,240.169210
vector-mult,parallel-non-tiled,1,speed-up,4000,5896,0,0.091007
vector-mult,parallel-paw-tiled,1,speed-up,4000,5896,784,0.112477
vector-mult,parallel-paw-single-tiled,1,speed-up,4000,5896,784,0.109166
jacobi,parallel-non-tiled,1,speed-up,4858,4858,0,0.527324
jacobi,parallel-paw-tiled,1,speed-up,4858,4858,784,0.274132
jacobi,parallel-paw-single-tiled,1,speed-up,4858,4858,784,0.527587
matrix-mult,parallel-non-tiled-loop-inter,1,speed-up,2805,2805,0,129.802307
matrix-mult,parallel-paw-tiled-loop-inter,1,speed-up,2805,2805,784,126.576399
matrix-mult,parallel-paw-single-tiled-loop-inter,1,speed-up,2805,2805,784,127.582583
vector-mult,parallel-non-tiled-loop-inter,1,speed-up,4000,5896,0,0.094373
vector-mult,parallel-paw-tiled-loop-inter,1,speed-up,4000,5896,784,0.112599
vector-mult,parallel-paw-single-tiled-loop-inter,1,speed-up,4000,5896,784,0.101866
jacobi,parallel-non-tiled-loop-inter,1,speed-up,4858,4858,0,0.605048
jacobi,parallel-paw-tiled-loop-inter,1,speed-up,4858,4858,784,0.349340
jacobi,parallel-paw-single-tiled-loop-inter,1,speed-up,4858,4858,784,0.356332
matrix-mult,parallel-non-tiled,4,speed-up,2805,2805,0,74.028208
matrix-mult,parallel-paw-tiled,4,speed-up,2805,2805,784,51.048537
matrix-mult,parallel-paw-single-tiled,4,speed-up,2805,2805,784,77.423310
vector-mult,parallel-non-tiled,4,speed-up,4000,5896,0,0.055455
vector-mult,parallel-paw-tiled,4,speed-up,4000,5896,784,0.091548
vector-mult,parallel-paw-single-tiled,4,speed-up,4000,5896,784,0.062031
jacobi,parallel-non-tiled,4,speed-up,4858,4858,0,0.180833
jacobi,parallel-paw-tiled,4,speed-up,4858,4858,784,0.163478
jacobi,parallel-paw-single-tiled,4,speed-up,4858,4858,784,0.224574
matrix-mult,parallel-non-tiled-loop-inter,4,speed-up,2805,2805,0,35.832926
matrix-mult,parallel-paw-tiled-loop-inter,4,speed-up,2805,2805,784,34.164865
matrix-mult,parallel-paw-single-tiled-loop-inter,4,speed-up,2805,2805,784,35.515559
vector-mult,parallel-non-tiled-loop-inter,4,speed-up,4000,5896,0,0.055623
vector-mult,parallel-paw-tiled-loop-inter,4,speed-up,4000,5896,784,0.093780
vector-mult,parallel-paw-single-tiled-loop-inter,4,speed-up,4000,5896,784,0.065275
jacobi,parallel-non-tiled-loop-inter,4,speed-up,4858,4858,0,0.186872
jacobi,parallel-paw-tiled-loop-inter,4,speed-up,4858,4858,784,0.135581
jacobi,parallel-paw-single-tiled-loop-inter,4,speed-up,4858,4858,784,0.136595
matrix-mult,parallel-non-tiled,7,speed-up,2805,2805,0,45.146707
matrix-mult,parallel-paw-tiled,7,speed-up,2805,2805,784,48.705319
matrix-mult,parallel-paw-single-tiled,7,speed-up,2805,2805,784,78.067442
vector-mult,parallel-non-tiled,7,speed-up,4000,5896,0,0.033330
vector-mult,parallel-paw-tiled,7,speed-up,4000,5896,784,0.052233
vector-mult,parallel-paw-single-tiled,7,speed-up,4000,5896,784,0.040253
jacobi,parallel-non-tiled,7,speed-up,4858,4858,0,0.116510
jacobi,parallel-paw-tiled,7,speed-up,4858,4858,784,0.093701
jacobi,parallel-paw-single-tiled,7,speed-up,4858,4858,784,0.131975
matrix-mult,parallel-non-tiled-loop-inter,7,speed-up,2805,2805,0,21.973959
matrix-mult,parallel-paw-tiled-loop-inter,7,speed-up,2805,2805,784,21.534575
matrix-mult,parallel-paw-single-tiled-loop-inter,7,speed-up,2805,2805,784,21.749152
vector-mult,parallel-non-tiled-loop-inter,7,speed-up,4000,5896,0,0.033107
vector-mult,parallel-paw-tiled-loop-inter,7,speed-up,4000,5896,784,0.052076
vector-mult,parallel-paw-single-tiled-loop-inter,7,speed-up,4000,5896,784,0.034808
jacobi,parallel-non-tiled-loop-inter,7,speed-up,4858,4858,0,0.118616
jacobi,parallel-paw-tiled-loop-inter,7,speed-up,4858,4858,784,0.090467
jacobi,parallel-paw-single-tiled-loop-inter,7,speed-up,4858,4858,784,0.089614
matrix-mult,parallel-non-tiled,10,speed-up,2805,2805,0,33.528712
matrix-mult,parallel-paw-tiled,10,speed-up,2805,2805,784,49.439558
matrix-mult,parallel-paw-single-tiled,10,speed-up,2805,2805,784,78.288295
vector-mult,parallel-non-tiled,10,speed-up,4000,5896,0,0.024299
vector-mult,parallel-paw-tiled,10,speed-up,4000,5896,784,0.052169
vector-mult,parallel-paw-single-tiled,10,speed-up,4000,5896,784,0.028429
jacobi,parallel-non-tiled,10,speed-up,4858,4858,0,0.090198
jacobi,parallel-paw-tiled,10,speed-up,4858,4858,784,0.090760
jacobi,parallel-paw-single-tiled,10,speed-up,4858,4858,784,0.131150
matrix-mult,parallel-non-tiled-loop-inter,10,speed-up,2805,2805,0,15.924770
matrix-mult,parallel-paw-tiled-loop-inter,10,speed-up,2805,2805,784,15.579026
srun: error: Unable to create step for job 15410847: Job/step already completing or completed
srun: error: Unable to create step for job 15410847: Job/step already completing or completed
srun: error: Unable to create step for job 15410847: Job/step already completing or completed
srun: error: Unable to create step for job 15410847: Job/step already completing or completed
srun: error: Unable to create step for job 15410847: Job/step already completing or completed
srun: error: Unable to create step for job 15410847: Job/step already completing or completed
srun: error: Unable to create step for job 15410847: Job/step already completing or completed
matrix-mult,parallel-non-tiled,1,speed-up,2805,2805,0,251.986151
matrix-mult,parallel-paw-tiled,1,speed-up,2805,2805,80,137.140225
matrix-mult,parallel-paw-single-tiled,1,speed-up,2805,2805,80,238.209022
vector-mult,parallel-non-tiled,1,speed-up,4000,5896,0,0.090808
vector-mult,parallel-paw-tiled,1,speed-up,4000,5896,80,0.117019
vector-mult,parallel-paw-single-tiled,1,speed-up,4000,5896,80,0.120145
jacobi,parallel-non-tiled,1,speed-up,4858,4858,0,0.529729
jacobi,parallel-paw-tiled,1,speed-up,4858,4858,80,0.340213
jacobi,parallel-paw-single-tiled,1,speed-up,4858,4858,80,0.527805
matrix-mult,parallel-non-tiled-loop-inter,1,speed-up,2805,2805,0,129.035983
matrix-mult,parallel-paw-tiled-loop-inter,1,speed-up,2805,2805,80,126.880307
matrix-mult,parallel-paw-single-tiled-loop-inter,1,speed-up,2805,2805,80,133.380604
vector-mult,parallel-non-tiled-loop-inter,1,speed-up,4000,5896,0,0.090765
vector-mult,parallel-paw-tiled-loop-inter,1,speed-up,4000,5896,80,0.117596
vector-mult,parallel-paw-single-tiled-loop-inter,1,speed-up,4000,5896,80,0.115766
jacobi,parallel-non-tiled-loop-inter,1,speed-up,4858,4858,0,0.609217
jacobi,parallel-paw-tiled-loop-inter,1,speed-up,4858,4858,80,0.388499
jacobi,parallel-paw-single-tiled-loop-inter,1,speed-up,4858,4858,80,0.399613
matrix-mult,parallel-non-tiled,4,speed-up,2805,2805,0,70.035413
matrix-mult,parallel-paw-tiled,4,speed-up,2805,2805,80,40.602588
matrix-mult,parallel-paw-single-tiled,4,speed-up,2805,2805,80,70.273560
vector-mult,parallel-non-tiled,4,speed-up,4000,5896,0,0.053459
vector-mult,parallel-paw-tiled,4,speed-up,4000,5896,80,0.066402
vector-mult,parallel-paw-single-tiled,4,speed-up,4000,5896,80,0.064345
jacobi,parallel-non-tiled,4,speed-up,4858,4858,0,0.184634
jacobi,parallel-paw-tiled,4,speed-up,4858,4858,80,0.136163
jacobi,parallel-paw-single-tiled,4,speed-up,4858,4858,80,0.181664
matrix-mult,parallel-non-tiled-loop-inter,4,speed-up,2805,2805,0,34.652740
matrix-mult,parallel-paw-tiled-loop-inter,4,speed-up,2805,2805,80,35.885843
matrix-mult,parallel-paw-single-tiled-loop-inter,4,speed-up,2805,2805,80,36.198614
vector-mult,parallel-non-tiled-loop-inter,4,speed-up,4000,5896,0,0.055565
vector-mult,parallel-paw-tiled-loop-inter,4,speed-up,4000,5896,80,0.068876
vector-mult,parallel-paw-single-tiled-loop-inter,4,speed-up,4000,5896,80,0.065187
jacobi,parallel-non-tiled-loop-inter,4,speed-up,4858,4858,0,0.190601
jacobi,parallel-paw-tiled-loop-inter,4,speed-up,4858,4858,80,0.160707
jacobi,parallel-paw-single-tiled-loop-inter,4,speed-up,4858,4858,80,0.149123
matrix-mult,parallel-non-tiled,7,speed-up,2805,2805,0,44.722319
matrix-mult,parallel-paw-tiled,7,speed-up,2805,2805,80,28.438522
matrix-mult,parallel-paw-single-tiled,7,speed-up,2805,2805,80,52.381578
vector-mult,parallel-non-tiled,7,speed-up,4000,5896,0,0.033046
vector-mult,parallel-paw-tiled,7,speed-up,4000,5896,80,0.040783
vector-mult,parallel-paw-single-tiled,7,speed-up,4000,5896,80,0.041417
jacobi,parallel-non-tiled,7,speed-up,4858,4858,0,0.118217
jacobi,parallel-paw-tiled,7,speed-up,4858,4858,80,0.093146
jacobi,parallel-paw-single-tiled,7,speed-up,4858,4858,80,0.122213
matrix-mult,parallel-non-tiled-loop-inter,7,speed-up,2805,2805,0,22.086877
matrix-mult,parallel-paw-tiled-loop-inter,7,speed-up,2805,2805,80,21.935789
matrix-mult,parallel-paw-single-tiled-loop-inter,7,speed-up,2805,2805,80,23.152238
vector-mult,parallel-non-tiled-loop-inter,7,speed-up,4000,5896,0,0.033241
vector-mult,parallel-paw-tiled-loop-inter,7,speed-up,4000,5896,80,0.039649
vector-mult,parallel-paw-single-tiled-loop-inter,7,speed-up,4000,5896,80,0.041167
jacobi,parallel-non-tiled-loop-inter,7,speed-up,4858,4858,0,0.118073
jacobi,parallel-paw-tiled-loop-inter,7,speed-up,4858,4858,80,0.143414
jacobi,parallel-paw-single-tiled-loop-inter,7,speed-up,4858,4858,80,0.094806
matrix-mult,parallel-non-tiled,10,speed-up,2805,2805,0,34.726580
matrix-mult,parallel-paw-tiled,10,speed-up,2805,2805,80,19.834955
matrix-mult,parallel-paw-single-tiled,10,speed-up,2805,2805,80,36.349578
vector-mult,parallel-non-tiled,10,speed-up,4000,5896,0,0.024315
vector-mult,parallel-paw-tiled,10,speed-up,4000,5896,80,0.029576
vector-mult,parallel-paw-single-tiled,10,speed-up,4000,5896,80,0.029248
jacobi,parallel-non-tiled,10,speed-up,4858,4858,0,0.089276
jacobi,parallel-paw-tiled,10,speed-up,4858,4858,80,0.064606
jacobi,parallel-paw-single-tiled,10,speed-up,4858,4858,80,0.086950
matrix-mult,parallel-non-tiled-loop-inter,10,speed-up,2805,2805,0,15.907171
matrix-mult,parallel-paw-tiled-loop-inter,10,speed-up,2805,2805,80,15.706912
matrix-mult,parallel-paw-single-tiled-loop-inter,10,speed-up,2805,2805,80,16.636419
vector-mult,parallel-non-tiled-loop-inter,10,speed-up,4000,5896,0,0.024567
vector-mult,parallel-paw-tiled-loop-inter,10,speed-up,4000,5896,80,0.029460
vector-mult,parallel-paw-single-tiled-loop-inter,10,speed-up,4000,5896,80,0.031720
jacobi,parallel-non-tiled-loop-inter,10,speed-up,4858,4858,0,0.086390
jacobi,parallel-paw-tiled-loop-inter,10,speed-up,4858,4858,80,0.160122
jacobi,parallel-paw-single-tiled-loop-inter,10,speed-up,4858,4858,80,0.068100
matrix-mult,parallel-non-tiled,1,speed-up,2805,2805,0,180.225137
matrix-mult,parallel-paw-tiled,1,speed-up,2805,2805,848,126.074416
matrix-mult,parallel-paw-single-tiled,1,speed-up,2805,2805,848,151.662085
vector-mult,parallel-non-tiled,1,speed-up,4000,5896,0,0.073421
vector-mult,parallel-paw-tiled,1,speed-up,4000,5896,848,0.092710
vector-mult,parallel-paw-single-tiled,1,speed-up,4000,5896,848,0.089173
jacobi,parallel-non-tiled,1,speed-up,4858,4858,0,0.338266
jacobi,parallel-paw-tiled,1,speed-up,4858,4858,848,0.340216
jacobi,parallel-paw-single-tiled,1,speed-up,4858,4858,848,0.353111
matrix-mult,parallel-non-tiled-loop-inter,1,speed-up,2805,2805,0,101.459630
matrix-mult,parallel-paw-tiled-loop-inter,1,speed-up,2805,2805,848,102.292498
matrix-mult,parallel-paw-single-tiled-loop-inter,1,speed-up,2805,2805,848,102.606186
vector-mult,parallel-non-tiled-loop-inter,1,speed-up,4000,5896,0,0.073710
vector-mult,parallel-paw-tiled-loop-inter,1,speed-up,4000,5896,848,0.093262
vector-mult,parallel-paw-single-tiled-loop-inter,1,speed-up,4000,5896,848,0.085820
jacobi,parallel-non-tiled-loop-inter,1,speed-up,4858,4858,0,0.229249
jacobi,parallel-paw-tiled-loop-inter,1,speed-up,4858,4858,848,0.221778
jacobi,parallel-paw-single-tiled-loop-inter,1,speed-up,4858,4858,848,0.224117
matrix-mult,parallel-non-tiled,4,speed-up,2805,2805,0,53.480561
matrix-mult,parallel-paw-tiled,4,speed-up,2805,2805,848,48.132695
matrix-mult,parallel-paw-single-tiled,4,speed-up,2805,2805,848,58.109341
vector-mult,parallel-non-tiled,4,speed-up,4000,5896,0,0.025500
vector-mult,parallel-paw-tiled,4,speed-up,4000,5896,848,0.040644
vector-mult,parallel-paw-single-tiled,4,speed-up,4000,5896,848,0.036939
jacobi,parallel-non-tiled,4,speed-up,4858,4858,0,0.092233
jacobi,parallel-paw-tiled,4,speed-up,4858,4858,848,0.127659
jacobi,parallel-paw-single-tiled,4,speed-up,4858,4858,848,0.133007
matrix-mult,parallel-non-tiled-loop-inter,4,speed-up,2805,2805,0,27.312011
matrix-mult,parallel-paw-tiled-loop-inter,4,speed-up,2805,2805,848,27.446007
matrix-mult,parallel-paw-single-tiled-loop-inter,4,speed-up,2805,2805,848,27.490245
vector-mult,parallel-non-tiled-loop-inter,4,speed-up,4000,5896,0,0.026603
vector-mult,parallel-paw-tiled-loop-inter,4,speed-up,4000,5896,848,0.040152
vector-mult,parallel-paw-single-tiled-loop-inter,4,speed-up,4000,5896,848,0.029200
jacobi,parallel-non-tiled-loop-inter,4,speed-up,4858,4858,0,0.067518
jacobi,parallel-paw-tiled-loop-inter,4,speed-up,4858,4858,848,0.069845
jacobi,parallel-paw-single-tiled-loop-inter,4,speed-up,4858,4858,848,0.063347
matrix-mult,parallel-non-tiled,7,speed-up,2805,2805,0,31.242935
matrix-mult,parallel-paw-tiled,7,speed-up,2805,2805,848,48.443882
matrix-mult,parallel-paw-single-tiled,7,speed-up,2805,2805,848,58.211561
vector-mult,parallel-non-tiled,7,speed-up,4000,5896,0,0.013857
vector-mult,parallel-paw-tiled,7,speed-up,4000,5896,848,0.030493
vector-mult,parallel-paw-single-tiled,7,speed-up,4000,5896,848,0.027020
jacobi,parallel-non-tiled,7,speed-up,4858,4858,0,0.057610
jacobi,parallel-paw-tiled,7,speed-up,4858,4858,848,0.071622
jacobi,parallel-paw-single-tiled,7,speed-up,4858,4858,848,0.067660
matrix-mult,parallel-non-tiled-loop-inter,7,speed-up,2805,2805,0,15.734424
matrix-mult,parallel-paw-tiled-loop-inter,7,speed-up,2805,2805,848,15.903701
matrix-mult,parallel-paw-single-tiled-loop-inter,7,speed-up,2805,2805,848,15.829461
vector-mult,parallel-non-tiled-loop-inter,7,speed-up,4000,5896,0,0.015122
vector-mult,parallel-paw-tiled-loop-inter,7,speed-up,4000,5896,848,0.029552
vector-mult,parallel-paw-single-tiled-loop-inter,7,speed-up,4000,5896,848,0.020139
jacobi,parallel-non-tiled-loop-inter,7,speed-up,4858,4858,0,0.039776
jacobi,parallel-paw-tiled-loop-inter,7,speed-up,4858,4858,848,0.038281
jacobi,parallel-paw-single-tiled-loop-inter,7,speed-up,4858,4858,848,0.052012
matrix-mult,parallel-non-tiled,10,speed-up,2805,2805,0,21.288527
matrix-mult,parallel-paw-tiled,10,speed-up,2805,2805,848,46.237939
matrix-mult,parallel-paw-single-tiled,10,speed-up,2805,2805,848,49.791235
vector-mult,parallel-non-tiled,10,speed-up,4000,5896,0,0.015503
vector-mult,parallel-paw-tiled,10,speed-up,4000,5896,848,0.029113
vector-mult,parallel-paw-single-tiled,10,speed-up,4000,5896,848,0.020288
jacobi,parallel-non-tiled,10,speed-up,4858,4858,0,0.047164
jacobi,parallel-paw-tiled,10,speed-up,4858,4858,848,0.069376
jacobi,parallel-paw-single-tiled,10,speed-up,4858,4858,848,0.075465
matrix-mult,parallel-non-tiled-loop-inter,10,speed-up,2805,2805,0,11.710870
matrix-mult,parallel-paw-tiled-loop-inter,10,speed-up,2805,2805,848,11.694937
matrix-mult,parallel-paw-single-tiled-loop-inter,10,speed-up,2805,2805,848,11.743009
vector-mult,parallel-non-tiled-loop-inter,10,speed-up,4000,5896,0,0.016752
vector-mult,parallel-paw-tiled-loop-inter,10,speed-up,4000,5896,848,0.024438
vector-mult,parallel-paw-single-tiled-loop-inter,10,speed-up,4000,5896,848,0.021284
jacobi,parallel-non-tiled-loop-inter,10,speed-up,4858,4858,0,0.033442
jacobi,parallel-paw-tiled-loop-inter,10,speed-up,4858,4858,848,0.033023
jacobi,parallel-paw-single-tiled-loop-inter,10,speed-up,4858,4858,848,0.027838
matrix-mult,parallel-non-tiled,1,speed-up,2805,2805,0,238.044775
matrix-mult,parallel-paw-tiled,1,speed-up,2805,2805,912,147.915986
matrix-mult,parallel-paw-single-tiled,1,speed-up,2805,2805,912,241.695309
vector-mult,parallel-non-tiled,1,speed-up,4000,5896,0,0.090777
vector-mult,parallel-paw-tiled,1,speed-up,4000,5896,912,0.112599
vector-mult,parallel-paw-single-tiled,1,speed-up,4000,5896,912,0.108822
jacobi,parallel-non-tiled,1,speed-up,4858,4858,0,0.530069
jacobi,parallel-paw-tiled,1,speed-up,4858,4858,912,0.279191
jacobi,parallel-paw-single-tiled,1,speed-up,4858,4858,912,0.527804
matrix-mult,parallel-non-tiled-loop-inter,1,speed-up,2805,2805,0,125.295033
matrix-mult,parallel-paw-tiled-loop-inter,1,speed-up,2805,2805,912,122.635826
matrix-mult,parallel-paw-single-tiled-loop-inter,1,speed-up,2805,2805,912,122.984863
vector-mult,parallel-non-tiled-loop-inter,1,speed-up,4000,5896,0,0.090932
vector-mult,parallel-paw-tiled-loop-inter,1,speed-up,4000,5896,912,0.112540
vector-mult,parallel-paw-single-tiled-loop-inter,1,speed-up,4000,5896,912,0.101711
jacobi,parallel-non-tiled-loop-inter,1,speed-up,4858,4858,0,0.602087
jacobi,parallel-paw-tiled-loop-inter,1,speed-up,4858,4858,912,0.379156
jacobi,parallel-paw-single-tiled-loop-inter,1,speed-up,4858,4858,912,0.356397
matrix-mult,parallel-non-tiled,4,speed-up,2805,2805,0,75.611549
matrix-mult,parallel-paw-tiled,4,speed-up,2805,2805,912,55.057635
matrix-mult,parallel-paw-single-tiled,4,speed-up,2805,2805,912,94.601447
vector-mult,parallel-non-tiled,4,speed-up,4000,5896,0,0.054190
vector-mult,parallel-paw-tiled,4,speed-up,4000,5896,912,0.059848
vector-mult,parallel-paw-single-tiled,4,speed-up,4000,5896,912,0.062784
jacobi,parallel-non-tiled,4,speed-up,4858,4858,0,0.183995
jacobi,parallel-paw-tiled,4,speed-up,4858,4858,912,0.172661
jacobi,parallel-paw-single-tiled,4,speed-up,4858,4858,912,0.241683
matrix-mult,parallel-non-tiled-loop-inter,4,speed-up,2805,2805,0,34.803434
srun: Job step aborted: Waiting up to 302 seconds for job step to finish.
slurmstepd: error: *** JOB 15410878 ON r00g01 CANCELLED AT 2023-01-02T16:38:07 ***
slurmstepd: error: *** STEP 15410878.28 ON r00g01 CANCELLED AT 2023-01-02T16:38:07 ***
matrix-mult,parallel-non-tiled,1,speed-up,2805,2805,0,243.018258
matrix-mult,parallel-paw-tiled,1,speed-up,2805,2805,976,152.664430
matrix-mult,parallel-paw-single-tiled,1,speed-up,2805,2805,976,239.774881
vector-mult,parallel-non-tiled,1,speed-up,4000,5896,0,0.090842
vector-mult,parallel-paw-tiled,1,speed-up,4000,5896,976,0.143033
vector-mult,parallel-paw-single-tiled,1,speed-up,4000,5896,976,0.109083
jacobi,parallel-non-tiled,1,speed-up,4858,4858,0,0.527837
jacobi,parallel-paw-tiled,1,speed-up,4858,4858,976,0.280887
jacobi,parallel-paw-single-tiled,1,speed-up,4858,4858,976,0.533124
matrix-mult,parallel-non-tiled-loop-inter,1,speed-up,2805,2805,0,126.276219
matrix-mult,parallel-paw-tiled-loop-inter,1,speed-up,2805,2805,976,124.074821
matrix-mult,parallel-paw-single-tiled-loop-inter,1,speed-up,2805,2805,976,124.686039
vector-mult,parallel-non-tiled-loop-inter,1,speed-up,4000,5896,0,0.091254
vector-mult,parallel-paw-tiled-loop-inter,1,speed-up,4000,5896,976,0.112676
vector-mult,parallel-paw-single-tiled-loop-inter,1,speed-up,4000,5896,976,0.101970
jacobi,parallel-non-tiled-loop-inter,1,speed-up,4858,4858,0,0.624848
jacobi,parallel-paw-tiled-loop-inter,1,speed-up,4858,4858,976,0.356022
jacobi,parallel-paw-single-tiled-loop-inter,1,speed-up,4858,4858,976,0.362702
matrix-mult,parallel-non-tiled,4,speed-up,2805,2805,0,71.187593
matrix-mult,parallel-paw-tiled,4,speed-up,2805,2805,976,60.090079
slurmstepd: error: *** JOB 15410881 ON r01n28 CANCELLED AT 2023-01-02T16:38:07 ***
slurmstepd: error: *** STEP 15410881.20 ON r01n28 CANCELLED AT 2023-01-02T16:38:07 ***
