matrix-mult,parallel-non-tiled,1,speed-up,2805,2805,0,151.155040
matrix-mult,parallel-paw-tiled,1,speed-up,2805,2805,16,95.841051
matrix-mult,parallel-paw-single-tiled,1,speed-up,2805,2805,16,112.980328
vector-mult,parallel-non-tiled,1,speed-up,4000,5896,0,0.075086
vector-mult,parallel-paw-tiled,1,speed-up,4000,5896,16,0.085560
vector-mult,parallel-paw-single-tiled,1,speed-up,4000,5896,16,0.099861
jacobi,parallel-non-tiled,1,speed-up,4858,4858,0,0.347389
jacobi,parallel-paw-tiled,1,speed-up,4858,4858,16,0.240292
jacobi,parallel-paw-single-tiled,1,speed-up,4858,4858,16,0.332621
matrix-mult,parallel-non-tiled-loop-inter,1,speed-up,2805,2805,0,104.009414
matrix-mult,parallel-paw-tiled-loop-inter,1,speed-up,2805,2805,16,94.270196
matrix-mult,parallel-paw-single-tiled-loop-inter,1,speed-up,2805,2805,16,104.247744
vector-mult,parallel-non-tiled-loop-inter,1,speed-up,4000,5896,0,0.075336
vector-mult,parallel-paw-tiled-loop-inter,1,speed-up,4000,5896,16,0.085444
vector-mult,parallel-paw-single-tiled-loop-inter,1,speed-up,4000,5896,16,0.092236
jacobi,parallel-non-tiled-loop-inter,1,speed-up,4858,4858,0,0.223657
jacobi,parallel-paw-tiled-loop-inter,1,speed-up,4858,4858,16,0.223478
jacobi,parallel-paw-single-tiled-loop-inter,1,speed-up,4858,4858,16,0.266230
matrix-mult,parallel-non-tiled,1,speed-up,2805,2805,0,144.024794
matrix-mult,parallel-paw-tiled,1,speed-up,2805,2805,80,118.198633
matrix-mult,parallel-paw-single-tiled,1,speed-up,2805,2805,80,130.471581
vector-mult,parallel-non-tiled,1,speed-up,4000,5896,0,0.075063
vector-mult,parallel-paw-tiled,1,speed-up,4000,5896,80,0.105573
vector-mult,parallel-paw-single-tiled,1,speed-up,4000,5896,80,0.107400
jacobi,parallel-non-tiled,1,speed-up,4858,4858,0,0.338326
jacobi,parallel-paw-tiled,1,speed-up,4858,4858,80,0.318929
jacobi,parallel-paw-single-tiled,1,speed-up,4858,4858,80,0.345931
matrix-mult,parallel-non-tiled-loop-inter,1,speed-up,2805,2805,0,103.938952
matrix-mult,parallel-paw-tiled-loop-inter,1,speed-up,2805,2805,80,114.078208
matrix-mult,parallel-paw-single-tiled-loop-inter,1,speed-up,2805,2805,80,122.146091
vector-mult,parallel-non-tiled-loop-inter,1,speed-up,4000,5896,0,0.075048
vector-mult,parallel-paw-tiled-loop-inter,1,speed-up,4000,5896,80,0.108739
vector-mult,parallel-paw-single-tiled-loop-inter,1,speed-up,4000,5896,80,0.106443
jacobi,parallel-non-tiled-loop-inter,1,speed-up,4858,4858,0,0.227747
jacobi,parallel-paw-tiled-loop-inter,1,speed-up,4858,4858,80,0.265260
jacobi,parallel-paw-single-tiled-loop-inter,1,speed-up,4858,4858,80,0.285328
matrix-mult,parallel-non-tiled,1,speed-up,2805,2805,0,144.373323
matrix-mult,parallel-paw-tiled,1,speed-up,2805,2805,144,119.692577
matrix-mult,parallel-paw-single-tiled,1,speed-up,2805,2805,144,131.460148
matrix-mult,parallel-non-tiled,4,speed-up,2805,2805,0,52.372045
matrix-mult,parallel-paw-tiled,4,speed-up,2805,2805,16,25.836252
matrix-mult,parallel-paw-single-tiled,4,speed-up,2805,2805,16,33.480852
vector-mult,parallel-non-tiled,4,speed-up,4000,5896,0,0.046555
vector-mult,parallel-paw-tiled,4,speed-up,4000,5896,16,0.048546
vector-mult,parallel-paw-single-tiled,4,speed-up,4000,5896,16,0.051470
jacobi,parallel-non-tiled,4,speed-up,4858,4858,0,0.107791
jacobi,parallel-paw-tiled,4,speed-up,4858,4858,16,0.086355
jacobi,parallel-paw-single-tiled,4,speed-up,4858,4858,16,0.108790
matrix-mult,parallel-non-tiled-loop-inter,4,speed-up,2805,2805,0,27.151848
matrix-mult,parallel-paw-tiled-loop-inter,4,speed-up,2805,2805,16,24.406612
matrix-mult,parallel-paw-single-tiled-loop-inter,4,speed-up,2805,2805,16,29.854381
vector-mult,parallel-non-tiled-loop-inter,4,speed-up,4000,5896,0,0.045898
vector-mult,parallel-paw-tiled-loop-inter,4,speed-up,4000,5896,16,0.047503
vector-mult,parallel-paw-single-tiled-loop-inter,4,speed-up,4000,5896,16,0.048676
jacobi,parallel-non-tiled-loop-inter,4,speed-up,4858,4858,0,0.083947
jacobi,parallel-paw-tiled-loop-inter,4,speed-up,4858,4858,16,0.395578
jacobi,parallel-paw-single-tiled-loop-inter,4,speed-up,4858,4858,16,0.080355
matrix-mult,parallel-non-tiled,4,speed-up,2805,2805,0,44.722242
matrix-mult,parallel-paw-tiled,4,speed-up,2805,2805,80,32.727670
matrix-mult,parallel-paw-single-tiled,4,speed-up,2805,2805,80,39.870803
vector-mult,parallel-non-tiled,4,speed-up,4000,5896,0,0.048700
vector-mult,parallel-paw-tiled,4,speed-up,4000,5896,80,0.050366
vector-mult,parallel-paw-single-tiled,4,speed-up,4000,5896,80,0.050133
jacobi,parallel-non-tiled,4,speed-up,4858,4858,0,0.114347
jacobi,parallel-paw-tiled,4,speed-up,4858,4858,80,0.103315
jacobi,parallel-paw-single-tiled,4,speed-up,4858,4858,80,0.109566
matrix-mult,parallel-non-tiled-loop-inter,4,speed-up,2805,2805,0,27.028106
matrix-mult,parallel-paw-tiled-loop-inter,4,speed-up,2805,2805,80,29.704999
matrix-mult,parallel-paw-single-tiled-loop-inter,4,speed-up,2805,2805,80,31.729557
vector-mult,parallel-non-tiled-loop-inter,4,speed-up,4000,5896,0,0.047943
vector-mult,parallel-paw-tiled-loop-inter,4,speed-up,4000,5896,80,0.055569
vector-mult,parallel-paw-single-tiled-loop-inter,4,speed-up,4000,5896,80,0.053613
jacobi,parallel-non-tiled-loop-inter,4,speed-up,4858,4858,0,0.084694
jacobi,parallel-paw-tiled-loop-inter,4,speed-up,4858,4858,80,0.095791
jacobi,parallel-paw-single-tiled-loop-inter,4,speed-up,4858,4858,80,0.094826
matrix-mult,parallel-non-tiled,4,speed-up,2805,2805,0,51.381887
matrix-mult,parallel-paw-tiled,4,speed-up,2805,2805,144,33.006821
matrix-mult,parallel-paw-single-tiled,4,speed-up,2805,2805,144,39.046841
vector-mult,parallel-non-tiled,4,speed-up,4000,5896,0,0.045870
vector-mult,parallel-paw-tiled,4,speed-up,4000,5896,144,0.055006
vector-mult,parallel-paw-single-tiled,4,speed-up,4000,5896,144,0.050609
jacobi,parallel-non-tiled,4,speed-up,4858,4858,0,0.111297
jacobi,parallel-paw-tiled,4,speed-up,4858,4858,144,0.110194
jacobi,parallel-paw-single-tiled,4,speed-up,4858,4858,144,0.115253
matrix-mult,parallel-non-tiled-loop-inter,4,speed-up,2805,2805,0,27.148514
matrix-mult,parallel-paw-tiled-loop-inter,4,speed-up,2805,2805,144,30.208288
matrix-mult,parallel-paw-single-tiled-loop-inter,4,speed-up,2805,2805,144,31.172672
vector-mult,parallel-non-tiled-loop-inter,4,speed-up,4000,5896,0,0.045958
vector-mult,parallel-paw-tiled-loop-inter,4,speed-up,4000,5896,144,0.051593
vector-mult,parallel-paw-single-tiled-loop-inter,4,speed-up,4000,5896,144,0.050536
jacobi,parallel-non-tiled-loop-inter,4,speed-up,4858,4858,0,0.084233
jacobi,parallel-paw-tiled-loop-inter,4,speed-up,4858,4858,144,0.095744
jacobi,parallel-paw-single-tiled-loop-inter,4,speed-up,4858,4858,144,0.096561
matrix-mult,parallel-non-tiled,4,speed-up,2805,2805,0,44.726533
matrix-mult,parallel-paw-tiled,4,speed-up,2805,2805,208,38.018575
matrix-mult,parallel-paw-single-tiled,4,speed-up,2805,2805,208,43.215772
vector-mult,parallel-non-tiled,4,speed-up,4000,5896,0,0.044352
vector-mult,parallel-paw-tiled,4,speed-up,4000,5896,208,0.053307
vector-mult,parallel-paw-single-tiled,4,speed-up,4000,5896,208,0.051034
jacobi,parallel-non-tiled,4,speed-up,4858,4858,0,0.114911
jacobi,parallel-paw-tiled,4,speed-up,4858,4858,208,0.106936
jacobi,parallel-paw-single-tiled,4,speed-up,4858,4858,208,0.110692
matrix-mult,parallel-non-tiled-loop-inter,4,speed-up,2805,2805,0,27.099185
matrix-mult,parallel-paw-tiled-loop-inter,4,speed-up,2805,2805,208,29.740191
matrix-mult,parallel-paw-single-tiled-loop-inter,4,speed-up,2805,2805,208,29.808309
vector-mult,parallel-non-tiled-loop-inter,4,speed-up,4000,5896,0,0.046264
vector-mult,parallel-paw-tiled-loop-inter,4,speed-up,4000,5896,208,0.053038
vector-mult,parallel-paw-single-tiled-loop-inter,4,speed-up,4000,5896,208,0.053849
jacobi,parallel-non-tiled-loop-inter,4,speed-up,4858,4858,0,0.082075
jacobi,parallel-paw-tiled-loop-inter,4,speed-up,4858,4858,208,0.092531
jacobi,parallel-paw-single-tiled-loop-inter,4,speed-up,4858,4858,208,0.105908
matrix-mult,parallel-non-tiled,4,speed-up,2805,2805,0,46.067264
matrix-mult,parallel-paw-tiled,4,speed-up,2805,2805,272,37.645987
matrix-mult,parallel-paw-single-tiled,4,speed-up,2805,2805,272,44.129439
vector-mult,parallel-non-tiled,4,speed-up,4000,5896,0,0.043504
vector-mult,parallel-paw-tiled,4,speed-up,4000,5896,272,0.054345
vector-mult,parallel-paw-single-tiled,4,speed-up,4000,5896,272,0.052264
jacobi,parallel-non-tiled,4,speed-up,4858,4858,0,0.117025
jacobi,parallel-paw-tiled,4,speed-up,4858,4858,272,0.116514
jacobi,parallel-paw-single-tiled,4,speed-up,4858,4858,272,0.120562
matrix-mult,parallel-non-tiled-loop-inter,4,speed-up,2805,2805,0,27.004618
matrix-mult,parallel-paw-tiled-loop-inter,4,speed-up,2805,2805,272,28.309494
matrix-mult,parallel-paw-single-tiled-loop-inter,4,speed-up,2805,2805,272,27.527256
vector-mult,parallel-non-tiled-loop-inter,4,speed-up,4000,5896,0,0.044334
vector-mult,parallel-paw-tiled-loop-inter,4,speed-up,4000,5896,272,0.053726
vector-mult,parallel-paw-single-tiled-loop-inter,4,speed-up,4000,5896,272,0.054743
jacobi,parallel-non-tiled-loop-inter,4,speed-up,4858,4858,0,0.083730
jacobi,parallel-paw-tiled-loop-inter,4,speed-up,4858,4858,272,0.088442
jacobi,parallel-paw-single-tiled-loop-inter,4,speed-up,4858,4858,272,0.086932
matrix-mult,parallel-non-tiled,4,speed-up,2805,2805,0,45.467556
matrix-mult,parallel-paw-tiled,4,speed-up,2805,2805,336,46.605445
matrix-mult,parallel-paw-single-tiled,4,speed-up,2805,2805,336,52.336100
vector-mult,parallel-non-tiled,4,speed-up,4000,5896,0,0.048401
vector-mult,parallel-paw-tiled,4,speed-up,4000,5896,336,0.049021
vector-mult,parallel-paw-single-tiled,4,speed-up,4000,5896,336,0.049485
jacobi,parallel-non-tiled,4,speed-up,4858,4858,0,0.108327
jacobi,parallel-paw-tiled,4,speed-up,4858,4858,336,0.116520
jacobi,parallel-paw-single-tiled,4,speed-up,4858,4858,336,0.119402
matrix-mult,parallel-non-tiled-loop-inter,4,speed-up,2805,2805,0,27.011559
matrix-mult,parallel-paw-tiled-loop-inter,4,speed-up,2805,2805,336,27.230135
matrix-mult,parallel-paw-single-tiled-loop-inter,4,speed-up,2805,2805,336,27.616078
vector-mult,parallel-non-tiled-loop-inter,4,speed-up,4000,5896,0,0.045123
vector-mult,parallel-paw-tiled-loop-inter,4,speed-up,4000,5896,336,0.052709
vector-mult,parallel-paw-single-tiled-loop-inter,4,speed-up,4000,5896,336,0.051460
jacobi,parallel-non-tiled-loop-inter,4,speed-up,4858,4858,0,0.084453
jacobi,parallel-paw-tiled-loop-inter,4,speed-up,4858,4858,336,0.086548
jacobi,parallel-paw-single-tiled-loop-inter,4,speed-up,4858,4858,336,0.085237
matrix-mult,parallel-non-tiled,4,speed-up,2805,2805,0,43.182600
matrix-mult,parallel-paw-tiled,4,speed-up,2805,2805,400,38.612979
matrix-mult,parallel-paw-single-tiled,4,speed-up,2805,2805,400,44.114999
vector-mult,parallel-non-tiled,4,speed-up,4000,5896,0,0.047307
vector-mult,parallel-paw-tiled,4,speed-up,4000,5896,400,0.055226
vector-mult,parallel-paw-single-tiled,4,speed-up,4000,5896,400,0.051776
jacobi,parallel-non-tiled,4,speed-up,4858,4858,0,0.110195
jacobi,parallel-paw-tiled,4,speed-up,4858,4858,400,0.116422
jacobi,parallel-paw-single-tiled,4,speed-up,4858,4858,400,0.120066
matrix-mult,parallel-non-tiled-loop-inter,4,speed-up,2805,2805,0,27.080685
matrix-mult,parallel-paw-tiled-loop-inter,4,speed-up,2805,2805,400,27.148747
matrix-mult,parallel-paw-single-tiled-loop-inter,4,speed-up,2805,2805,400,27.596573
vector-mult,parallel-non-tiled-loop-inter,4,speed-up,4000,5896,0,0.046559
vector-mult,parallel-paw-tiled-loop-inter,4,speed-up,4000,5896,400,0.054980
vector-mult,parallel-paw-single-tiled-loop-inter,4,speed-up,4000,5896,400,0.054109
jacobi,parallel-non-tiled-loop-inter,4,speed-up,4858,4858,0,0.083157
jacobi,parallel-paw-tiled-loop-inter,4,speed-up,4858,4858,400,0.082953
jacobi,parallel-paw-single-tiled-loop-inter,4,speed-up,4858,4858,400,0.084183
matrix-mult,parallel-non-tiled,4,speed-up,2805,2805,0,43.872690
matrix-mult,parallel-paw-tiled,4,speed-up,2805,2805,464,45.353705
matrix-mult,parallel-paw-single-tiled,4,speed-up,2805,2805,464,48.449485
vector-mult,parallel-non-tiled,4,speed-up,4000,5896,0,0.045415
vector-mult,parallel-paw-tiled,4,speed-up,4000,5896,464,0.049118
vector-mult,parallel-paw-single-tiled,4,speed-up,4000,5896,464,0.050706
jacobi,parallel-non-tiled,4,speed-up,4858,4858,0,0.108362
jacobi,parallel-paw-tiled,4,speed-up,4858,4858,464,0.122255
jacobi,parallel-paw-single-tiled,4,speed-up,4858,4858,464,0.125069
matrix-mult,parallel-non-tiled-loop-inter,4,speed-up,2805,2805,0,26.903084
matrix-mult,parallel-paw-tiled-loop-inter,4,speed-up,2805,2805,464,27.182642
matrix-mult,parallel-paw-single-tiled-loop-inter,4,speed-up,2805,2805,464,27.510104
vector-mult,parallel-non-tiled-loop-inter,4,speed-up,4000,5896,0,0.048102
vector-mult,parallel-paw-tiled-loop-inter,4,speed-up,4000,5896,464,0.046759
vector-mult,parallel-paw-single-tiled-loop-inter,4,speed-up,4000,5896,464,0.048682
jacobi,parallel-non-tiled-loop-inter,4,speed-up,4858,4858,0,0.084863
jacobi,parallel-paw-tiled-loop-inter,4,speed-up,4858,4858,464,0.083199
jacobi,parallel-paw-single-tiled-loop-inter,4,speed-up,4858,4858,464,0.086894
matrix-mult,parallel-non-tiled,4,speed-up,2805,2805,0,43.484453
matrix-mult,parallel-non-tiled,8,speed-up,2805,2805,0,43.491862
matrix-mult,parallel-paw-tiled,8,speed-up,2805,2805,16,20.296698
matrix-mult,parallel-paw-single-tiled,8,speed-up,2805,2805,16,39.068730
vector-mult,parallel-non-tiled,8,speed-up,4000,5896,0,0.029664
vector-mult,parallel-paw-tiled,8,speed-up,4000,5896,16,0.032957
vector-mult,parallel-paw-single-tiled,8,speed-up,4000,5896,16,0.034477
jacobi,parallel-non-tiled,8,speed-up,4858,4858,0,0.108009
jacobi,parallel-paw-tiled,8,speed-up,4858,4858,16,0.064752
jacobi,parallel-paw-single-tiled,8,speed-up,4858,4858,16,0.101097
matrix-mult,parallel-non-tiled-loop-inter,8,speed-up,2805,2805,0,19.847260
matrix-mult,parallel-paw-tiled-loop-inter,8,speed-up,2805,2805,16,17.594571
matrix-mult,parallel-paw-single-tiled-loop-inter,8,speed-up,2805,2805,16,23.463794
vector-mult,parallel-non-tiled-loop-inter,8,speed-up,4000,5896,0,0.029474
vector-mult,parallel-paw-tiled-loop-inter,8,speed-up,4000,5896,16,0.032929
vector-mult,parallel-paw-single-tiled-loop-inter,8,speed-up,4000,5896,16,0.038574
jacobi,parallel-non-tiled-loop-inter,8,speed-up,4858,4858,0,0.103652
jacobi,parallel-paw-tiled-loop-inter,8,speed-up,4858,4858,16,0.385471
jacobi,parallel-paw-single-tiled-loop-inter,8,speed-up,4858,4858,16,0.066869
matrix-mult,parallel-non-tiled,8,speed-up,2805,2805,0,41.652543
matrix-mult,parallel-paw-tiled,8,speed-up,2805,2805,80,24.601984
matrix-mult,parallel-paw-single-tiled,8,speed-up,2805,2805,80,45.610761
vector-mult,parallel-non-tiled,8,speed-up,4000,5896,0,0.029636
vector-mult,parallel-paw-tiled,8,speed-up,4000,5896,80,0.040392
vector-mult,parallel-paw-single-tiled,8,speed-up,4000,5896,80,0.036366
jacobi,parallel-non-tiled,8,speed-up,4858,4858,0,0.105783
jacobi,parallel-paw-tiled,8,speed-up,4858,4858,80,0.083516
jacobi,parallel-paw-single-tiled,8,speed-up,4858,4858,80,0.109106
matrix-mult,parallel-non-tiled-loop-inter,8,speed-up,2805,2805,0,19.869638
matrix-mult,parallel-paw-tiled-loop-inter,8,speed-up,2805,2805,80,19.599308
matrix-mult,parallel-paw-single-tiled-loop-inter,8,speed-up,2805,2805,80,20.743484
vector-mult,parallel-non-tiled-loop-inter,8,speed-up,4000,5896,0,0.029669
vector-mult,parallel-paw-tiled-loop-inter,8,speed-up,4000,5896,80,0.039266
vector-mult,parallel-paw-single-tiled-loop-inter,8,speed-up,4000,5896,80,0.039221
jacobi,parallel-non-tiled-loop-inter,8,speed-up,4858,4858,0,0.104030
jacobi,parallel-paw-tiled-loop-inter,8,speed-up,4858,4858,80,0.146494
jacobi,parallel-paw-single-tiled-loop-inter,8,speed-up,4858,4858,80,0.083059
matrix-mult,parallel-non-tiled,8,speed-up,2805,2805,0,39.957286
matrix-mult,parallel-paw-tiled,8,speed-up,2805,2805,144,25.627609
matrix-mult,parallel-paw-single-tiled,8,speed-up,2805,2805,144,47.684449
vector-mult,parallel-non-tiled,8,speed-up,4000,5896,0,0.029642
vector-mult,parallel-paw-tiled,8,speed-up,4000,5896,144,0.040503
vector-mult,parallel-paw-single-tiled,8,speed-up,4000,5896,144,0.035415
jacobi,parallel-non-tiled,8,speed-up,4858,4858,0,0.105609
jacobi,parallel-paw-tiled,8,speed-up,4858,4858,144,0.090454
jacobi,parallel-paw-single-tiled,8,speed-up,4858,4858,144,0.117570
matrix-mult,parallel-non-tiled-loop-inter,8,speed-up,2805,2805,0,19.863832
matrix-mult,parallel-paw-tiled-loop-inter,8,speed-up,2805,2805,144,19.613887
matrix-mult,parallel-paw-single-tiled-loop-inter,8,speed-up,2805,2805,144,20.208342
vector-mult,parallel-non-tiled-loop-inter,8,speed-up,4000,5896,0,0.029619
vector-mult,parallel-paw-tiled-loop-inter,8,speed-up,4000,5896,144,0.040488
vector-mult,parallel-paw-single-tiled-loop-inter,8,speed-up,4000,5896,144,0.034249
jacobi,parallel-non-tiled-loop-inter,8,speed-up,4858,4858,0,0.105611
jacobi,parallel-paw-tiled-loop-inter,8,speed-up,4858,4858,144,0.095123
jacobi,parallel-paw-single-tiled-loop-inter,8,speed-up,4858,4858,144,0.084773
matrix-mult,parallel-non-tiled,8,speed-up,2805,2805,0,41.623410
matrix-mult,parallel-paw-tiled,8,speed-up,2805,2805,208,25.747049
matrix-mult,parallel-paw-single-tiled,8,speed-up,2805,2805,208,47.160503
vector-mult,parallel-non-tiled,8,speed-up,4000,5896,0,0.030549
vector-mult,parallel-paw-tiled,8,speed-up,4000,5896,208,0.043075
vector-mult,parallel-paw-single-tiled,8,speed-up,4000,5896,208,0.034868
jacobi,parallel-non-tiled,8,speed-up,4858,4858,0,0.108142
jacobi,parallel-paw-tiled,8,speed-up,4858,4858,208,0.082718
jacobi,parallel-paw-single-tiled,8,speed-up,4858,4858,208,0.107912
matrix-mult,parallel-non-tiled-loop-inter,8,speed-up,2805,2805,0,19.854483
matrix-mult,parallel-paw-tiled-loop-inter,8,speed-up,2805,2805,208,19.741843
matrix-mult,parallel-paw-single-tiled-loop-inter,8,speed-up,2805,2805,208,20.016629
vector-mult,parallel-non-tiled-loop-inter,8,speed-up,4000,5896,0,0.029635
vector-mult,parallel-paw-tiled-loop-inter,8,speed-up,4000,5896,208,0.043205
vector-mult,parallel-paw-single-tiled-loop-inter,8,speed-up,4000,5896,208,0.037731
jacobi,parallel-non-tiled-loop-inter,8,speed-up,4858,4858,0,0.103674
jacobi,parallel-paw-tiled-loop-inter,8,speed-up,4858,4858,208,0.091243
jacobi,parallel-paw-single-tiled-loop-inter,8,speed-up,4858,4858,208,0.082228
matrix-mult,parallel-non-tiled,8,speed-up,2805,2805,0,40.083433
matrix-mult,parallel-paw-tiled,8,speed-up,2805,2805,272,33.102067
matrix-mult,parallel-paw-single-tiled,8,speed-up,2805,2805,272,57.691305
vector-mult,parallel-non-tiled,8,speed-up,4000,5896,0,0.029578
vector-mult,parallel-paw-tiled,8,speed-up,4000,5896,272,0.039569
vector-mult,parallel-paw-single-tiled,8,speed-up,4000,5896,272,0.035719
jacobi,parallel-non-tiled,8,speed-up,4858,4858,0,0.109007
jacobi,parallel-paw-tiled,8,speed-up,4858,4858,272,0.112122
jacobi,parallel-paw-single-tiled,8,speed-up,4858,4858,272,0.138331
matrix-mult,parallel-non-tiled-loop-inter,8,speed-up,2805,2805,0,19.859569
matrix-mult,parallel-paw-tiled-loop-inter,8,speed-up,2805,2805,272,19.630364
matrix-mult,parallel-paw-single-tiled-loop-inter,8,speed-up,2805,2805,272,19.759656
vector-mult,parallel-non-tiled-loop-inter,8,speed-up,4000,5896,0,0.029579
vector-mult,parallel-paw-tiled-loop-inter,8,speed-up,4000,5896,272,0.039614
vector-mult,parallel-paw-single-tiled-loop-inter,8,speed-up,4000,5896,272,0.036819
jacobi,parallel-non-tiled-loop-inter,8,speed-up,4858,4858,0,0.105906
jacobi,parallel-paw-tiled-loop-inter,8,speed-up,4858,4858,272,0.085024
jacobi,parallel-paw-single-tiled-loop-inter,8,speed-up,4858,4858,272,0.078958
matrix-mult,parallel-non-tiled,8,speed-up,2805,2805,0,42.336994
matrix-mult,parallel-paw-tiled,8,speed-up,2805,2805,336,39.832655
matrix-mult,parallel-paw-single-tiled,8,speed-up,2805,2805,336,67.139329
vector-mult,parallel-non-tiled,8,speed-up,4000,5896,0,0.029516
vector-mult,parallel-paw-tiled,8,speed-up,4000,5896,336,0.045929
vector-mult,parallel-paw-single-tiled,8,speed-up,4000,5896,336,0.034661
jacobi,parallel-non-tiled,8,speed-up,4858,4858,0,0.104979
jacobi,parallel-paw-tiled,8,speed-up,4858,4858,336,0.082582
jacobi,parallel-paw-single-tiled,8,speed-up,4858,4858,336,0.115509
matrix-mult,parallel-non-tiled-loop-inter,8,speed-up,2805,2805,0,19.843335
matrix-mult,parallel-paw-tiled-loop-inter,8,speed-up,2805,2805,336,19.555350
matrix-mult,parallel-paw-single-tiled-loop-inter,8,speed-up,2805,2805,336,19.653130
vector-mult,parallel-non-tiled-loop-inter,8,speed-up,4000,5896,0,0.029620
vector-mult,parallel-paw-tiled-loop-inter,8,speed-up,4000,5896,336,0.045744
vector-mult,parallel-paw-single-tiled-loop-inter,8,speed-up,4000,5896,336,0.047278
jacobi,parallel-non-tiled-loop-inter,8,speed-up,4858,4858,0,0.105711
jacobi,parallel-paw-tiled-loop-inter,8,speed-up,4858,4858,336,0.081019
jacobi,parallel-paw-single-tiled-loop-inter,8,speed-up,4858,4858,336,0.087065
matrix-mult,parallel-non-tiled,8,speed-up,2805,2805,0,42.576214
matrix-mult,parallel-paw-tiled,8,speed-up,2805,2805,400,27.056752
matrix-mult,parallel-paw-single-tiled,8,speed-up,2805,2805,400,46.788077
vector-mult,parallel-non-tiled,8,speed-up,4000,5896,0,0.034210
vector-mult,parallel-paw-tiled,8,speed-up,4000,5896,400,0.053063
vector-mult,parallel-paw-single-tiled,8,speed-up,4000,5896,400,0.035579
jacobi,parallel-non-tiled,8,speed-up,4858,4858,0,0.105655
jacobi,parallel-paw-tiled,8,speed-up,4858,4858,400,0.091861
jacobi,parallel-paw-single-tiled,8,speed-up,4858,4858,400,0.130991
matrix-mult,parallel-non-tiled-loop-inter,8,speed-up,2805,2805,0,19.860370
matrix-mult,parallel-paw-tiled-loop-inter,8,speed-up,2805,2805,400,19.527409
matrix-mult,parallel-paw-single-tiled-loop-inter,8,speed-up,2805,2805,400,19.609049
vector-mult,parallel-non-tiled-loop-inter,8,speed-up,4000,5896,0,0.029496
vector-mult,parallel-paw-tiled-loop-inter,8,speed-up,4000,5896,400,0.053209
vector-mult,parallel-paw-single-tiled-loop-inter,8,speed-up,4000,5896,400,0.035985
jacobi,parallel-non-tiled-loop-inter,8,speed-up,4858,4858,0,0.106007
jacobi,parallel-paw-tiled-loop-inter,8,speed-up,4858,4858,400,0.081526
jacobi,parallel-paw-single-tiled-loop-inter,8,speed-up,4858,4858,400,0.079414
matrix-mult,parallel-non-tiled,8,speed-up,2805,2805,0,40.645077
matrix-mult,parallel-paw-tiled,8,speed-up,2805,2805,464,31.098021
matrix-mult,parallel-paw-single-tiled,8,speed-up,2805,2805,464,52.301241
vector-mult,parallel-non-tiled,8,speed-up,4000,5896,0,0.030298
vector-mult,parallel-paw-tiled,8,speed-up,4000,5896,464,0.033438
vector-mult,parallel-paw-single-tiled,8,speed-up,4000,5896,464,0.035623
jacobi,parallel-non-tiled,8,speed-up,4858,4858,0,0.106965
jacobi,parallel-paw-tiled,8,speed-up,4858,4858,464,0.101931
jacobi,parallel-paw-single-tiled,8,speed-up,4858,4858,464,0.146753
matrix-mult,parallel-non-tiled-loop-inter,8,speed-up,2805,2805,0,19.869925
matrix-mult,parallel-paw-tiled-loop-inter,8,speed-up,2805,2805,464,19.514572
matrix-mult,parallel-paw-single-tiled-loop-inter,8,speed-up,2805,2805,464,19.572333
vector-mult,parallel-non-tiled-loop-inter,8,speed-up,4000,5896,0,0.029582
vector-mult,parallel-paw-tiled-loop-inter,8,speed-up,4000,5896,464,0.033429
vector-mult,parallel-paw-single-tiled-loop-inter,8,speed-up,4000,5896,464,0.040680
jacobi,parallel-non-tiled-loop-inter,8,speed-up,4858,4858,0,0.104988
jacobi,parallel-paw-tiled-loop-inter,8,speed-up,4858,4858,464,0.079747
jacobi,parallel-paw-single-tiled-loop-inter,8,speed-up,4858,4858,464,0.077575
matrix-mult,parallel-non-tiled,8,speed-up,2805,2805,0,42.055548
matrix-mult,parallel-paw-tiled,8,speed-up,2805,2805,528,35.049033
matrix-mult,parallel-paw-single-tiled,8,speed-up,2805,2805,528,54.930226
vector-mult,parallel-non-tiled,8,speed-up,4000,5896,0,0.029971
vector-mult,parallel-paw-tiled,8,speed-up,4000,5896,528,0.037345
vector-mult,parallel-paw-single-tiled,8,speed-up,4000,5896,528,0.034615
jacobi,parallel-non-tiled,8,speed-up,4858,4858,0,0.108340
jacobi,parallel-paw-tiled,8,speed-up,4858,4858,528,0.117701
jacobi,parallel-paw-single-tiled,8,speed-up,4858,4858,528,0.171202
matrix-mult,parallel-non-tiled-loop-inter,8,speed-up,2805,2805,0,19.850813
matrix-mult,parallel-paw-tiled-loop-inter,8,speed-up,2805,2805,528,19.510553
matrix-mult,parallel-paw-single-tiled-loop-inter,8,speed-up,2805,2805,528,19.539069
vector-mult,parallel-non-tiled-loop-inter,8,speed-up,4000,5896,0,0.029842
vector-mult,parallel-paw-tiled-loop-inter,8,speed-up,4000,5896,528,0.037289
vector-mult,parallel-paw-single-tiled-loop-inter,8,speed-up,4000,5896,528,0.045351
jacobi,parallel-non-tiled-loop-inter,8,speed-up,4858,4858,0,0.104179
jacobi,parallel-paw-tiled-loop-inter,8,speed-up,4858,4858,528,0.079656
jacobi,parallel-paw-single-tiled-loop-inter,8,speed-up,4858,4858,528,0.079896
matrix-mult,parallel-non-tiled,8,speed-up,2805,2805,0,45.927083
matrix-mult,parallel-paw-tiled,8,speed-up,2805,2805,592,38.839407
matrix-mult,parallel-non-tiled,12,speed-up,2805,2805,0,31.566489
matrix-mult,parallel-paw-tiled,12,speed-up,2805,2805,16,13.913568
matrix-mult,parallel-paw-single-tiled,12,speed-up,2805,2805,16,27.077366
vector-mult,parallel-non-tiled,12,speed-up,4000,5896,0,0.020724
vector-mult,parallel-paw-tiled,12,speed-up,4000,5896,16,0.023025
vector-mult,parallel-paw-single-tiled,12,speed-up,4000,5896,16,0.024475
jacobi,parallel-non-tiled,12,speed-up,4858,4858,0,0.077476
jacobi,parallel-paw-tiled,12,speed-up,4858,4858,16,0.046883
jacobi,parallel-paw-single-tiled,12,speed-up,4858,4858,16,0.071164
matrix-mult,parallel-non-tiled-loop-inter,12,speed-up,2805,2805,0,13.264424
matrix-mult,parallel-paw-tiled-loop-inter,12,speed-up,2805,2805,16,11.761911
matrix-mult,parallel-paw-single-tiled-loop-inter,12,speed-up,2805,2805,16,15.811060
vector-mult,parallel-non-tiled-loop-inter,12,speed-up,4000,5896,0,0.020971
vector-mult,parallel-paw-tiled-loop-inter,12,speed-up,4000,5896,16,0.022975
vector-mult,parallel-paw-single-tiled-loop-inter,12,speed-up,4000,5896,16,0.025218
jacobi,parallel-non-tiled-loop-inter,12,speed-up,4858,4858,0,0.072790
jacobi,parallel-paw-tiled-loop-inter,12,speed-up,4858,4858,16,0.398605
jacobi,parallel-paw-single-tiled-loop-inter,12,speed-up,4858,4858,16,0.051368
matrix-mult,parallel-non-tiled,12,speed-up,2805,2805,0,28.530330
matrix-mult,parallel-paw-tiled,12,speed-up,2805,2805,80,15.026287
matrix-mult,parallel-paw-single-tiled,12,speed-up,2805,2805,80,29.388013
vector-mult,parallel-non-tiled,12,speed-up,4000,5896,0,0.020801
vector-mult,parallel-paw-tiled,12,speed-up,4000,5896,80,0.030300
vector-mult,parallel-paw-single-tiled,12,speed-up,4000,5896,80,0.024884
jacobi,parallel-non-tiled,12,speed-up,4858,4858,0,0.075641
jacobi,parallel-paw-tiled,12,speed-up,4858,4858,80,0.054781
jacobi,parallel-paw-single-tiled,12,speed-up,4858,4858,80,0.073617
matrix-mult,parallel-non-tiled-loop-inter,12,speed-up,2805,2805,0,13.699225
matrix-mult,parallel-paw-tiled-loop-inter,12,speed-up,2805,2805,80,13.105779
matrix-mult,parallel-paw-single-tiled-loop-inter,12,speed-up,2805,2805,80,13.867214
vector-mult,parallel-non-tiled-loop-inter,12,speed-up,4000,5896,0,0.020784
vector-mult,parallel-paw-tiled-loop-inter,12,speed-up,4000,5896,80,0.029469
vector-mult,parallel-paw-single-tiled-loop-inter,12,speed-up,4000,5896,80,0.028162
jacobi,parallel-non-tiled-loop-inter,12,speed-up,4858,4858,0,0.072771
jacobi,parallel-paw-tiled-loop-inter,12,speed-up,4858,4858,80,0.141857
jacobi,parallel-paw-single-tiled-loop-inter,12,speed-up,4858,4858,80,0.057439
matrix-mult,parallel-non-tiled,12,speed-up,2805,2805,0,31.417236
matrix-mult,parallel-paw-tiled,12,speed-up,2805,2805,144,18.092437
matrix-mult,parallel-paw-single-tiled,12,speed-up,2805,2805,144,34.439990
vector-mult,parallel-non-tiled,12,speed-up,4000,5896,0,0.020714
vector-mult,parallel-paw-tiled,12,speed-up,4000,5896,144,0.031947
vector-mult,parallel-paw-single-tiled,12,speed-up,4000,5896,144,0.025029
jacobi,parallel-non-tiled,12,speed-up,4858,4858,0,0.073597
jacobi,parallel-paw-tiled,12,speed-up,4858,4858,144,0.061557
jacobi,parallel-paw-single-tiled,12,speed-up,4858,4858,144,0.078961
matrix-mult,parallel-non-tiled-loop-inter,12,speed-up,2805,2805,0,13.263567
matrix-mult,parallel-paw-tiled-loop-inter,12,speed-up,2805,2805,144,13.112945
matrix-mult,parallel-paw-single-tiled-loop-inter,12,speed-up,2805,2805,144,13.505929
vector-mult,parallel-non-tiled-loop-inter,12,speed-up,4000,5896,0,0.020784
vector-mult,parallel-paw-tiled-loop-inter,12,speed-up,4000,5896,144,0.031581
vector-mult,parallel-paw-single-tiled-loop-inter,12,speed-up,4000,5896,144,0.028441
jacobi,parallel-non-tiled-loop-inter,12,speed-up,4858,4858,0,0.074440
jacobi,parallel-paw-tiled-loop-inter,12,speed-up,4858,4858,144,0.084982
jacobi,parallel-paw-single-tiled-loop-inter,12,speed-up,4858,4858,144,0.058231
matrix-mult,parallel-non-tiled,12,speed-up,2805,2805,0,28.427761
matrix-mult,parallel-paw-tiled,12,speed-up,2805,2805,208,24.184745
matrix-mult,parallel-paw-single-tiled,12,speed-up,2805,2805,208,45.605799
vector-mult,parallel-non-tiled,12,speed-up,4000,5896,0,0.020678
vector-mult,parallel-paw-tiled,12,speed-up,4000,5896,208,0.031219
vector-mult,parallel-paw-single-tiled,12,speed-up,4000,5896,208,0.024901
jacobi,parallel-non-tiled,12,speed-up,4858,4858,0,0.073904
jacobi,parallel-paw-tiled,12,speed-up,4858,4858,208,0.057173
jacobi,parallel-paw-single-tiled,12,speed-up,4858,4858,208,0.076680
matrix-mult,parallel-non-tiled-loop-inter,12,speed-up,2805,2805,0,13.272028
matrix-mult,parallel-paw-tiled-loop-inter,12,speed-up,2805,2805,208,13.187047
matrix-mult,parallel-paw-single-tiled-loop-inter,12,speed-up,2805,2805,208,13.365660
vector-mult,parallel-non-tiled-loop-inter,12,speed-up,4000,5896,0,0.021101
vector-mult,parallel-paw-tiled-loop-inter,12,speed-up,4000,5896,208,0.030788
vector-mult,parallel-paw-single-tiled-loop-inter,12,speed-up,4000,5896,208,0.030839
jacobi,parallel-non-tiled-loop-inter,12,speed-up,4858,4858,0,0.074345
jacobi,parallel-paw-tiled-loop-inter,12,speed-up,4858,4858,208,0.070551
jacobi,parallel-paw-single-tiled-loop-inter,12,speed-up,4858,4858,208,0.058129
matrix-mult,parallel-non-tiled,12,speed-up,2805,2805,0,28.536406
matrix-mult,parallel-paw-tiled,12,speed-up,2805,2805,272,17.919426
matrix-mult,parallel-paw-single-tiled,12,speed-up,2805,2805,272,32.923103
vector-mult,parallel-non-tiled,12,speed-up,4000,5896,0,0.020671
vector-mult,parallel-paw-tiled,12,speed-up,4000,5896,272,0.038557
vector-mult,parallel-paw-single-tiled,12,speed-up,4000,5896,272,0.024494
jacobi,parallel-non-tiled,12,speed-up,4858,4858,0,0.073805
jacobi,parallel-paw-tiled,12,speed-up,4858,4858,272,0.073647
jacobi,parallel-paw-single-tiled,12,speed-up,4858,4858,272,0.096568
matrix-mult,parallel-non-tiled-loop-inter,12,speed-up,2805,2805,0,13.264259
matrix-mult,parallel-paw-tiled-loop-inter,12,speed-up,2805,2805,272,13.115382
matrix-mult,parallel-paw-single-tiled-loop-inter,12,speed-up,2805,2805,272,13.200248
vector-mult,parallel-non-tiled-loop-inter,12,speed-up,4000,5896,0,0.020688
vector-mult,parallel-paw-tiled-loop-inter,12,speed-up,4000,5896,272,0.038573
vector-mult,parallel-paw-single-tiled-loop-inter,12,speed-up,4000,5896,272,0.026321
jacobi,parallel-non-tiled-loop-inter,12,speed-up,4858,4858,0,0.072690
jacobi,parallel-paw-tiled-loop-inter,12,speed-up,4858,4858,272,0.061738
jacobi,parallel-paw-single-tiled-loop-inter,12,speed-up,4858,4858,272,0.056939
matrix-mult,parallel-non-tiled,12,speed-up,2805,2805,0,28.236727
matrix-mult,parallel-paw-tiled,12,speed-up,2805,2805,336,22.518631
matrix-mult,parallel-paw-single-tiled,12,speed-up,2805,2805,336,38.890333
vector-mult,parallel-non-tiled,12,speed-up,4000,5896,0,0.020675
vector-mult,parallel-paw-tiled,12,speed-up,4000,5896,336,0.025112
vector-mult,parallel-paw-single-tiled,12,speed-up,4000,5896,336,0.025212
jacobi,parallel-non-tiled,12,speed-up,4858,4858,0,0.075358
jacobi,parallel-paw-tiled,12,speed-up,4858,4858,336,0.082614
jacobi,parallel-paw-single-tiled,12,speed-up,4858,4858,336,0.114545
matrix-mult,parallel-non-tiled-loop-inter,12,speed-up,2805,2805,0,13.265450
matrix-mult,parallel-paw-tiled-loop-inter,12,speed-up,2805,2805,336,13.074255
matrix-mult,parallel-paw-single-tiled-loop-inter,12,speed-up,2805,2805,336,13.133356
vector-mult,parallel-non-tiled-loop-inter,12,speed-up,4000,5896,0,0.021152
vector-mult,parallel-paw-tiled-loop-inter,12,speed-up,4000,5896,336,0.025367
vector-mult,parallel-paw-single-tiled-loop-inter,12,speed-up,4000,5896,336,0.031408
jacobi,parallel-non-tiled-loop-inter,12,speed-up,4858,4858,0,0.072822
jacobi,parallel-paw-tiled-loop-inter,12,speed-up,4858,4858,336,0.062175
jacobi,parallel-paw-single-tiled-loop-inter,12,speed-up,4858,4858,336,0.056323
matrix-mult,parallel-non-tiled,12,speed-up,2805,2805,0,28.174145
matrix-mult,parallel-paw-tiled,12,speed-up,2805,2805,400,26.806227
matrix-mult,parallel-paw-single-tiled,12,speed-up,2805,2805,400,45.966565
vector-mult,parallel-non-tiled,12,speed-up,4000,5896,0,0.021056
vector-mult,parallel-paw-tiled,12,speed-up,4000,5896,400,0.029335
vector-mult,parallel-paw-single-tiled,12,speed-up,4000,5896,400,0.024274
jacobi,parallel-non-tiled,12,speed-up,4858,4858,0,0.075168
jacobi,parallel-paw-tiled,12,speed-up,4858,4858,400,0.058198
jacobi,parallel-paw-single-tiled,12,speed-up,4858,4858,400,0.099753
matrix-mult,parallel-non-tiled-loop-inter,12,speed-up,2805,2805,0,13.280801
matrix-mult,parallel-paw-tiled-loop-inter,12,speed-up,2805,2805,400,13.042438
matrix-mult,parallel-paw-single-tiled-loop-inter,12,speed-up,2805,2805,400,13.084846
vector-mult,parallel-non-tiled-loop-inter,12,speed-up,4000,5896,0,0.020749
vector-mult,parallel-paw-tiled-loop-inter,12,speed-up,4000,5896,400,0.030020
vector-mult,parallel-paw-single-tiled-loop-inter,12,speed-up,4000,5896,400,0.037153
jacobi,parallel-non-tiled-loop-inter,12,speed-up,4858,4858,0,0.072726
jacobi,parallel-paw-tiled-loop-inter,12,speed-up,4858,4858,400,0.059873
jacobi,parallel-paw-single-tiled-loop-inter,12,speed-up,4858,4858,400,0.054783
matrix-mult,parallel-non-tiled,12,speed-up,2805,2805,0,27.757248
matrix-mult,parallel-paw-tiled,12,speed-up,2805,2805,464,31.323118
matrix-mult,parallel-paw-single-tiled,12,speed-up,2805,2805,464,49.445389
vector-mult,parallel-non-tiled,12,speed-up,4000,5896,0,0.021149
vector-mult,parallel-paw-tiled,12,speed-up,4000,5896,464,0.033859
vector-mult,parallel-paw-single-tiled,12,speed-up,4000,5896,464,0.024583
jacobi,parallel-non-tiled,12,speed-up,4858,4858,0,0.075156
jacobi,parallel-paw-tiled,12,speed-up,4858,4858,464,0.061039
jacobi,parallel-paw-single-tiled,12,speed-up,4858,4858,464,0.087304
matrix-mult,parallel-non-tiled-loop-inter,12,speed-up,2805,2805,0,13.264842
matrix-mult,parallel-paw-tiled-loop-inter,12,speed-up,2805,2805,464,13.034726
matrix-mult,parallel-paw-single-tiled-loop-inter,12,speed-up,2805,2805,464,13.075498
vector-mult,parallel-non-tiled-loop-inter,12,speed-up,4000,5896,0,0.020662
vector-mult,parallel-paw-tiled-loop-inter,12,speed-up,4000,5896,464,0.033540
vector-mult,parallel-paw-single-tiled-loop-inter,12,speed-up,4000,5896,464,0.022558
jacobi,parallel-non-tiled-loop-inter,12,speed-up,4858,4858,0,0.072706
jacobi,parallel-paw-tiled-loop-inter,12,speed-up,4858,4858,464,0.058077
jacobi,parallel-paw-single-tiled-loop-inter,12,speed-up,4858,4858,464,0.055231
matrix-mult,parallel-non-tiled,12,speed-up,2805,2805,0,27.966012
matrix-mult,parallel-paw-tiled,12,speed-up,2805,2805,528,34.542962
matrix-mult,parallel-paw-single-tiled,12,speed-up,2805,2805,528,56.455367
vector-mult,parallel-non-tiled,12,speed-up,4000,5896,0,0.020758
vector-mult,parallel-paw-tiled,12,speed-up,4000,5896,528,0.037395
vector-mult,parallel-paw-single-tiled,12,speed-up,4000,5896,528,0.024124
jacobi,parallel-non-tiled,12,speed-up,4858,4858,0,0.077497
jacobi,parallel-paw-tiled,12,speed-up,4858,4858,528,0.066092
jacobi,parallel-paw-single-tiled,12,speed-up,4858,4858,528,0.094150
matrix-mult,parallel-non-tiled-loop-inter,12,speed-up,2805,2805,0,13.267986
matrix-mult,parallel-paw-tiled-loop-inter,12,speed-up,2805,2805,528,13.021189
matrix-mult,parallel-paw-single-tiled-loop-inter,12,speed-up,2805,2805,528,13.063033
vector-mult,parallel-non-tiled-loop-inter,12,speed-up,4000,5896,0,0.020693
vector-mult,parallel-paw-tiled-loop-inter,12,speed-up,4000,5896,528,0.038800
vector-mult,parallel-paw-single-tiled-loop-inter,12,speed-up,4000,5896,528,0.024934
jacobi,parallel-non-tiled-loop-inter,12,speed-up,4858,4858,0,0.072773
jacobi,parallel-paw-tiled-loop-inter,12,speed-up,4858,4858,528,0.060906
jacobi,parallel-paw-single-tiled-loop-inter,12,speed-up,4858,4858,528,0.056593
matrix-mult,parallel-non-tiled,12,speed-up,2805,2805,0,27.985974
matrix-mult,parallel-paw-tiled,12,speed-up,2805,2805,592,38.816487
matrix-mult,parallel-paw-single-tiled,12,speed-up,2805,2805,592,61.190527
vector-mult,parallel-non-tiled,12,speed-up,4000,5896,0,0.020763
vector-mult,parallel-paw-tiled,12,speed-up,4000,5896,592,0.041615
vector-mult,parallel-paw-single-tiled,12,speed-up,4000,5896,592,0.024682
jacobi,parallel-non-tiled,12,speed-up,4858,4858,0,0.075481
jacobi,parallel-paw-tiled,12,speed-up,4858,4858,592,0.072588
jacobi,parallel-paw-single-tiled,12,speed-up,4858,4858,592,0.105862
matrix-mult,parallel-non-tiled-loop-inter,12,speed-up,2805,2805,0,13.274935
matrix-mult,parallel-paw-tiled-loop-inter,12,speed-up,2805,2805,592,13.014036
matrix-mult,parallel-paw-single-tiled-loop-inter,12,speed-up,2805,2805,592,13.032324
vector-mult,parallel-non-tiled-loop-inter,12,speed-up,4000,5896,0,0.020774
vector-mult,parallel-paw-tiled-loop-inter,12,speed-up,4000,5896,592,0.041304
vector-mult,parallel-paw-single-tiled-loop-inter,12,speed-up,4000,5896,592,0.028009
jacobi,parallel-non-tiled-loop-inter,12,speed-up,4858,4858,0,0.072854
jacobi,parallel-paw-tiled-loop-inter,12,speed-up,4858,4858,592,0.058697
jacobi,parallel-paw-single-tiled-loop-inter,12,speed-up,4858,4858,592,0.056923
matrix-mult,parallel-non-tiled,12,speed-up,2805,2805,0,28.673046
matrix-mult,parallel-paw-tiled,12,speed-up,2805,2805,656,42.467321
matrix-mult,parallel-paw-single-tiled,12,speed-up,2805,2805,656,65.530574
vector-mult,parallel-non-tiled,12,speed-up,4000,5896,0,0.020774
vector-mult,parallel-paw-tiled,12,speed-up,4000,5896,656,0.044923
vector-mult,parallel-paw-single-tiled,12,speed-up,4000,5896,656,0.024862
jacobi,parallel-non-tiled,12,speed-up,4858,4858,0,0.075324
jacobi,parallel-paw-tiled,12,speed-up,4858,4858,656,0.083084
jacobi,parallel-paw-single-tiled,12,speed-up,4858,4858,656,0.115078
matrix-mult,parallel-non-tiled-loop-inter,12,speed-up,2805,2805,0,13.289236
matrix-mult,parallel-paw-tiled-loop-inter,12,speed-up,2805,2805,656,13.018920
matrix-mult,parallel-paw-single-tiled-loop-inter,12,speed-up,2805,2805,656,13.040161
vector-mult,parallel-non-tiled-loop-inter,12,speed-up,4000,5896,0,0.020731
vector-mult,parallel-paw-tiled-loop-inter,12,speed-up,4000,5896,656,0.045007
vector-mult,parallel-paw-single-tiled-loop-inter,12,speed-up,4000,5896,656,0.030110
jacobi,parallel-non-tiled-loop-inter,12,speed-up,4858,4858,0,0.074429
jacobi,parallel-paw-tiled-loop-inter,12,speed-up,4858,4858,656,0.056916
jacobi,parallel-paw-single-tiled-loop-inter,12,speed-up,4858,4858,656,0.057034
matrix-mult,parallel-non-tiled,12,speed-up,2805,2805,0,29.133334
matrix-mult,parallel-paw-tiled,12,speed-up,2805,2805,720,46.223931
matrix-mult,parallel-paw-single-tiled,12,speed-up,2805,2805,720,73.458602
matrix-mult,parallel-non-tiled,1,speed-up,2805,2805,0,143.801322
matrix-mult,parallel-paw-tiled,1,speed-up,2805,2805,16,93.249750
matrix-mult,parallel-paw-single-tiled,1,speed-up,2805,2805,16,112.134338
vector-mult,parallel-non-tiled,1,speed-up,4000,5896,0,0.073132
vector-mult,parallel-paw-tiled,1,speed-up,4000,5896,16,0.083341
vector-mult,parallel-paw-single-tiled,1,speed-up,4000,5896,16,0.097625
jacobi,parallel-non-tiled,1,speed-up,4858,4858,0,0.332180
jacobi,parallel-paw-tiled,1,speed-up,4858,4858,16,0.235632
jacobi,parallel-paw-single-tiled,1,speed-up,4858,4858,16,0.319268
matrix-mult,parallel-non-tiled-loop-inter,1,speed-up,2805,2805,0,101.415003
matrix-mult,parallel-paw-tiled-loop-inter,1,speed-up,2805,2805,16,91.871437
matrix-mult,parallel-paw-single-tiled-loop-inter,1,speed-up,2805,2805,16,102.305928
vector-mult,parallel-non-tiled-loop-inter,1,speed-up,4000,5896,0,0.073485
vector-mult,parallel-paw-tiled-loop-inter,1,speed-up,4000,5896,16,0.083417
vector-mult,parallel-paw-single-tiled-loop-inter,1,speed-up,4000,5896,16,0.090508
jacobi,parallel-non-tiled-loop-inter,1,speed-up,4858,4858,0,0.223001
jacobi,parallel-paw-tiled-loop-inter,1,speed-up,4858,4858,16,0.217374
jacobi,parallel-paw-single-tiled-loop-inter,1,speed-up,4858,4858,16,0.259800
matrix-mult,parallel-non-tiled,4,speed-up,2805,2805,0,45.843062
matrix-mult,parallel-paw-tiled,4,speed-up,2805,2805,16,25.756086
matrix-mult,parallel-paw-single-tiled,4,speed-up,2805,2805,16,35.077166
vector-mult,parallel-non-tiled,4,speed-up,4000,5896,0,0.048734
vector-mult,parallel-paw-tiled,4,speed-up,4000,5896,16,0.047409
vector-mult,parallel-paw-single-tiled,4,speed-up,4000,5896,16,0.049899
jacobi,parallel-non-tiled,4,speed-up,4858,4858,0,0.111373
jacobi,parallel-paw-tiled,4,speed-up,4858,4858,16,0.086493
jacobi,parallel-paw-single-tiled,4,speed-up,4858,4858,16,0.106363
matrix-mult,parallel-non-tiled-loop-inter,4,speed-up,2805,2805,0,27.105865
matrix-mult,parallel-paw-tiled-loop-inter,4,speed-up,2805,2805,16,24.244501
matrix-mult,parallel-paw-single-tiled-loop-inter,4,speed-up,2805,2805,16,29.208412
vector-mult,parallel-non-tiled-loop-inter,4,speed-up,4000,5896,0,0.048006
vector-mult,parallel-paw-tiled-loop-inter,4,speed-up,4000,5896,16,0.046410
vector-mult,parallel-paw-single-tiled-loop-inter,4,speed-up,4000,5896,16,0.052257
jacobi,parallel-non-tiled-loop-inter,4,speed-up,4858,4858,0,0.085480
jacobi,parallel-paw-tiled-loop-inter,4,speed-up,4858,4858,16,0.388912
jacobi,parallel-paw-single-tiled-loop-inter,4,speed-up,4858,4858,16,0.081724
matrix-mult,parallel-non-tiled,7,speed-up,2805,2805,0,26.837933
matrix-mult,parallel-paw-tiled,7,speed-up,2805,2805,16,15.545054
matrix-mult,parallel-paw-single-tiled,7,speed-up,2805,2805,16,22.581821
vector-mult,parallel-non-tiled,7,speed-up,4000,5896,0,0.036717
vector-mult,parallel-paw-tiled,7,speed-up,4000,5896,16,0.039346
vector-mult,parallel-paw-single-tiled,7,speed-up,4000,5896,16,0.037082
jacobi,parallel-non-tiled,7,speed-up,4858,4858,0,0.073168
jacobi,parallel-paw-tiled,7,speed-up,4858,4858,16,0.060601
jacobi,parallel-paw-single-tiled,7,speed-up,4858,4858,16,0.075590
matrix-mult,parallel-non-tiled-loop-inter,7,speed-up,2805,2805,0,15.737892
matrix-mult,parallel-paw-tiled-loop-inter,7,speed-up,2805,2805,16,14.183626
matrix-mult,parallel-paw-single-tiled-loop-inter,7,speed-up,2805,2805,16,17.612409
vector-mult,parallel-non-tiled-loop-inter,7,speed-up,4000,5896,0,0.034841
vector-mult,parallel-paw-tiled-loop-inter,7,speed-up,4000,5896,16,0.036946
vector-mult,parallel-paw-single-tiled-loop-inter,7,speed-up,4000,5896,16,0.040427
jacobi,parallel-non-tiled-loop-inter,7,speed-up,4858,4858,0,0.060318
jacobi,parallel-paw-tiled-loop-inter,7,speed-up,4858,4858,16,0.342983
jacobi,parallel-paw-single-tiled-loop-inter,7,speed-up,4858,4858,16,0.055467
matrix-mult,parallel-non-tiled,10,speed-up,2805,2805,0,22.850500
matrix-mult,parallel-paw-tiled,10,speed-up,2805,2805,16,11.453200
matrix-mult,parallel-paw-single-tiled,10,speed-up,2805,2805,16,16.240517
vector-mult,parallel-non-tiled,10,speed-up,4000,5896,0,0.028744
vector-mult,parallel-paw-tiled,10,speed-up,4000,5896,16,0.031324
vector-mult,parallel-paw-single-tiled,10,speed-up,4000,5896,16,0.031928
jacobi,parallel-non-tiled,10,speed-up,4858,4858,0,0.059211
jacobi,parallel-paw-tiled,10,speed-up,4858,4858,16,0.052082
jacobi,parallel-paw-single-tiled,10,speed-up,4858,4858,16,0.061427
matrix-mult,parallel-non-tiled-loop-inter,10,speed-up,2805,2805,0,11.631584
matrix-mult,parallel-paw-tiled-loop-inter,10,speed-up,2805,2805,16,10.475960
matrix-mult,parallel-paw-single-tiled-loop-inter,10,speed-up,2805,2805,16,13.078655
vector-mult,parallel-non-tiled-loop-inter,10,speed-up,4000,5896,0,0.028875
vector-mult,parallel-paw-tiled-loop-inter,10,speed-up,4000,5896,16,0.031812
vector-mult,parallel-paw-single-tiled-loop-inter,10,speed-up,4000,5896,16,0.030024
jacobi,parallel-non-tiled-loop-inter,10,speed-up,4858,4858,0,0.048325
jacobi,parallel-paw-tiled-loop-inter,10,speed-up,4858,4858,16,0.337028
jacobi,parallel-paw-single-tiled-loop-inter,10,speed-up,4858,4858,16,0.046419
matrix-mult,parallel-non-tiled,1,speed-up,2805,2805,0,144.560959
matrix-mult,parallel-paw-tiled,1,speed-up,2805,2805,80,113.898005
matrix-mult,parallel-paw-single-tiled,1,speed-up,2805,2805,80,129.155401
vector-mult,parallel-non-tiled,1,speed-up,4000,5896,0,0.073233
vector-mult,parallel-paw-tiled,1,speed-up,4000,5896,80,0.100642
vector-mult,parallel-paw-single-tiled,1,speed-up,4000,5896,80,0.105066
jacobi,parallel-non-tiled,1,speed-up,4858,4858,0,0.331365
jacobi,parallel-paw-tiled,1,speed-up,4858,4858,80,0.315095
jacobi,parallel-paw-single-tiled,1,speed-up,4858,4858,80,0.357001
matrix-mult,parallel-non-tiled-loop-inter,1,speed-up,2805,2805,0,101.427639
matrix-mult,parallel-paw-tiled-loop-inter,1,speed-up,2805,2805,80,111.628312
matrix-mult,parallel-paw-single-tiled-loop-inter,1,speed-up,2805,2805,80,120.172906
vector-mult,parallel-non-tiled-loop-inter,1,speed-up,4000,5896,0,0.075769
vector-mult,parallel-paw-tiled-loop-inter,1,speed-up,4000,5896,80,0.099205
vector-mult,parallel-paw-single-tiled-loop-inter,1,speed-up,4000,5896,80,0.099443
jacobi,parallel-non-tiled-loop-inter,1,speed-up,4858,4858,0,0.229896
jacobi,parallel-paw-tiled-loop-inter,1,speed-up,4858,4858,80,0.261263
jacobi,parallel-paw-single-tiled-loop-inter,1,speed-up,4858,4858,80,0.281221
matrix-mult,parallel-non-tiled,4,speed-up,2805,2805,0,44.186669
matrix-mult,parallel-paw-tiled,4,speed-up,2805,2805,80,32.604993
matrix-mult,parallel-paw-single-tiled,4,speed-up,2805,2805,80,39.647656
vector-mult,parallel-non-tiled,4,speed-up,4000,5896,0,0.045395
vector-mult,parallel-paw-tiled,4,speed-up,4000,5896,80,0.052616
vector-mult,parallel-paw-single-tiled,4,speed-up,4000,5896,80,0.053210
jacobi,parallel-non-tiled,4,speed-up,4858,4858,0,0.123044
jacobi,parallel-paw-tiled,4,speed-up,4858,4858,80,0.103128
jacobi,parallel-paw-single-tiled,4,speed-up,4858,4858,80,0.110981
matrix-mult,parallel-non-tiled-loop-inter,4,speed-up,2805,2805,0,27.016986
matrix-mult,parallel-paw-tiled-loop-inter,4,speed-up,2805,2805,80,29.691253
matrix-mult,parallel-paw-single-tiled-loop-inter,4,speed-up,2805,2805,80,31.600803
vector-mult,parallel-non-tiled-loop-inter,4,speed-up,4000,5896,0,0.046606
vector-mult,parallel-paw-tiled-loop-inter,4,speed-up,4000,5896,80,0.054456
vector-mult,parallel-paw-single-tiled-loop-inter,4,speed-up,4000,5896,80,0.053114
jacobi,parallel-non-tiled-loop-inter,4,speed-up,4858,4858,0,0.083832
jacobi,parallel-paw-tiled-loop-inter,4,speed-up,4858,4858,80,0.095614
jacobi,parallel-paw-single-tiled-loop-inter,4,speed-up,4858,4858,80,0.095404
matrix-mult,parallel-non-tiled,7,speed-up,2805,2805,0,30.156804
matrix-mult,parallel-paw-tiled,7,speed-up,2805,2805,80,21.957206
matrix-mult,parallel-paw-single-tiled,7,speed-up,2805,2805,80,27.888890
vector-mult,parallel-non-tiled,7,speed-up,4000,5896,0,0.033823
vector-mult,parallel-paw-tiled,7,speed-up,4000,5896,80,0.039477
vector-mult,parallel-paw-single-tiled,7,speed-up,4000,5896,80,0.039317
jacobi,parallel-non-tiled,7,speed-up,4858,4858,0,0.080924
jacobi,parallel-paw-tiled,7,speed-up,4858,4858,80,0.074926
jacobi,parallel-paw-single-tiled,7,speed-up,4858,4858,80,0.077504
matrix-mult,parallel-non-tiled-loop-inter,7,speed-up,2805,2805,0,15.712398
matrix-mult,parallel-paw-tiled-loop-inter,7,speed-up,2805,2805,80,17.131331
matrix-mult,parallel-paw-single-tiled-loop-inter,7,speed-up,2805,2805,80,18.436144
vector-mult,parallel-non-tiled-loop-inter,7,speed-up,4000,5896,0,0.037003
vector-mult,parallel-paw-tiled-loop-inter,7,speed-up,4000,5896,80,0.041529
vector-mult,parallel-paw-single-tiled-loop-inter,7,speed-up,4000,5896,80,0.043639
jacobi,parallel-non-tiled-loop-inter,7,speed-up,4858,4858,0,0.062456
jacobi,parallel-paw-tiled-loop-inter,7,speed-up,4858,4858,80,0.075753
jacobi,parallel-paw-single-tiled-loop-inter,7,speed-up,4858,4858,80,0.066451
matrix-mult,parallel-non-tiled,10,speed-up,2805,2805,0,21.296643
matrix-mult,parallel-paw-tiled,10,speed-up,2805,2805,80,15.431270
matrix-mult,parallel-paw-single-tiled,10,speed-up,2805,2805,80,20.488874
vector-mult,parallel-non-tiled,10,speed-up,4000,5896,0,0.026941
vector-mult,parallel-paw-tiled,10,speed-up,4000,5896,80,0.034288
vector-mult,parallel-paw-single-tiled,10,speed-up,4000,5896,80,0.032448
jacobi,parallel-non-tiled,10,speed-up,4858,4858,0,0.063907
jacobi,parallel-paw-tiled,10,speed-up,4858,4858,80,0.055482
jacobi,parallel-paw-single-tiled,10,speed-up,4858,4858,80,0.058209
matrix-mult,parallel-non-tiled-loop-inter,10,speed-up,2805,2805,0,11.643935
matrix-mult,parallel-paw-tiled-loop-inter,10,speed-up,2805,2805,80,12.639369
matrix-mult,parallel-paw-single-tiled-loop-inter,10,speed-up,2805,2805,80,13.580051
vector-mult,parallel-non-tiled-loop-inter,10,speed-up,4000,5896,0,0.026515
vector-mult,parallel-paw-tiled-loop-inter,10,speed-up,4000,5896,80,0.031872
vector-mult,parallel-paw-single-tiled-loop-inter,10,speed-up,4000,5896,80,0.035137
jacobi,parallel-non-tiled-loop-inter,10,speed-up,4858,4858,0,0.051787
jacobi,parallel-paw-tiled-loop-inter,10,speed-up,4858,4858,80,0.085591
jacobi,parallel-paw-single-tiled-loop-inter,10,speed-up,4858,4858,80,0.053739
matrix-mult,parallel-non-tiled,1,speed-up,2805,2805,0,249.919910
matrix-mult,parallel-paw-tiled,1,speed-up,2805,2805,144,135.277361
matrix-mult,parallel-paw-single-tiled,1,speed-up,2805,2805,144,237.044567
vector-mult,parallel-non-tiled,1,speed-up,4000,5896,0,0.091063
vector-mult,parallel-paw-tiled,1,speed-up,4000,5896,144,0.116697
vector-mult,parallel-paw-single-tiled,1,speed-up,4000,5896,144,0.116547
jacobi,parallel-non-tiled,1,speed-up,4858,4858,0,0.526910
jacobi,parallel-paw-tiled,1,speed-up,4858,4858,144,0.339300
jacobi,parallel-paw-single-tiled,1,speed-up,4858,4858,144,0.536643
matrix-mult,parallel-non-tiled-loop-inter,1,speed-up,2805,2805,0,126.809735
matrix-mult,parallel-paw-tiled-loop-inter,1,speed-up,2805,2805,144,125.852487
matrix-mult,parallel-paw-single-tiled-loop-inter,1,speed-up,2805,2805,144,129.317476
vector-mult,parallel-non-tiled-loop-inter,1,speed-up,4000,5896,0,0.091403
vector-mult,parallel-paw-tiled-loop-inter,1,speed-up,4000,5896,144,0.116774
vector-mult,parallel-paw-single-tiled-loop-inter,1,speed-up,4000,5896,144,0.110189
jacobi,parallel-non-tiled-loop-inter,1,speed-up,4858,4858,0,0.600025
jacobi,parallel-paw-tiled-loop-inter,1,speed-up,4858,4858,144,0.389492
jacobi,parallel-paw-single-tiled-loop-inter,1,speed-up,4858,4858,144,0.395640
matrix-mult,parallel-non-tiled,4,speed-up,2805,2805,0,69.147546
matrix-mult,parallel-paw-tiled,4,speed-up,2805,2805,144,40.424959
matrix-mult,parallel-paw-single-tiled,4,speed-up,2805,2805,144,69.776196
vector-mult,parallel-non-tiled,4,speed-up,4000,5896,0,0.053507
vector-mult,parallel-paw-tiled,4,speed-up,4000,5896,144,0.064281
vector-mult,parallel-paw-single-tiled,4,speed-up,4000,5896,144,0.063675
jacobi,parallel-non-tiled,4,speed-up,4858,4858,0,0.190619
jacobi,parallel-paw-tiled,4,speed-up,4858,4858,144,0.148256
jacobi,parallel-paw-single-tiled,4,speed-up,4858,4858,144,0.190299
matrix-mult,parallel-non-tiled-loop-inter,4,speed-up,2805,2805,0,35.366087
matrix-mult,parallel-paw-tiled-loop-inter,4,speed-up,2805,2805,144,34.484882
matrix-mult,parallel-paw-single-tiled-loop-inter,4,speed-up,2805,2805,144,36.698003
vector-mult,parallel-non-tiled-loop-inter,4,speed-up,4000,5896,0,0.053662
vector-mult,parallel-paw-tiled-loop-inter,4,speed-up,4000,5896,144,0.064321
vector-mult,parallel-paw-single-tiled-loop-inter,4,speed-up,4000,5896,144,0.059959
jacobi,parallel-non-tiled-loop-inter,4,speed-up,4858,4858,0,0.187262
jacobi,parallel-paw-tiled-loop-inter,4,speed-up,4858,4858,144,0.154126
jacobi,parallel-paw-single-tiled-loop-inter,4,speed-up,4858,4858,144,0.148558
matrix-mult,parallel-non-tiled,7,speed-up,2805,2805,0,45.318776
matrix-mult,parallel-paw-tiled,7,speed-up,2805,2805,144,26.098570
matrix-mult,parallel-paw-single-tiled,7,speed-up,2805,2805,144,47.189439
vector-mult,parallel-non-tiled,7,speed-up,4000,5896,0,0.033290
vector-mult,parallel-paw-tiled,7,speed-up,4000,5896,144,0.040430
vector-mult,parallel-paw-single-tiled,7,speed-up,4000,5896,144,0.039556
jacobi,parallel-non-tiled,7,speed-up,4858,4858,0,0.118536
jacobi,parallel-paw-tiled,7,speed-up,4858,4858,144,0.091000
jacobi,parallel-paw-single-tiled,7,speed-up,4858,4858,144,0.120068
matrix-mult,parallel-non-tiled-loop-inter,7,speed-up,2805,2805,0,22.160372
matrix-mult,parallel-paw-tiled-loop-inter,7,speed-up,2805,2805,144,21.893060
matrix-mult,parallel-paw-single-tiled-loop-inter,7,speed-up,2805,2805,144,22.655381
vector-mult,parallel-non-tiled-loop-inter,7,speed-up,4000,5896,0,0.033128
vector-mult,parallel-paw-tiled-loop-inter,7,speed-up,4000,5896,144,0.040365
vector-mult,parallel-paw-single-tiled-loop-inter,7,speed-up,4000,5896,144,0.039726
jacobi,parallel-non-tiled-loop-inter,7,speed-up,4858,4858,0,0.118455
jacobi,parallel-paw-tiled-loop-inter,7,speed-up,4858,4858,144,0.101014
jacobi,parallel-paw-single-tiled-loop-inter,7,speed-up,4858,4858,144,0.092189
matrix-mult,parallel-non-tiled,10,speed-up,2805,2805,0,34.228265
matrix-mult,parallel-paw-tiled,10,speed-up,2805,2805,144,18.037998
matrix-mult,parallel-paw-single-tiled,10,speed-up,2805,2805,144,34.334539
vector-mult,parallel-non-tiled,10,speed-up,4000,5896,0,0.024241
vector-mult,parallel-paw-tiled,10,speed-up,4000,5896,144,0.032308
vector-mult,parallel-paw-single-tiled,10,speed-up,4000,5896,144,0.029277
jacobi,parallel-non-tiled,10,speed-up,4858,4858,0,0.087805
jacobi,parallel-paw-tiled,10,speed-up,4858,4858,144,0.074880
jacobi,parallel-paw-single-tiled,10,speed-up,4858,4858,144,0.102813
matrix-mult,parallel-non-tiled-loop-inter,10,speed-up,2805,2805,0,15.953336
matrix-mult,parallel-paw-tiled-loop-inter,10,speed-up,2805,2805,144,15.746329
matrix-mult,parallel-paw-single-tiled-loop-inter,10,speed-up,2805,2805,144,16.212285
vector-mult,parallel-non-tiled-loop-inter,10,speed-up,4000,5896,0,0.024191
vector-mult,parallel-paw-tiled-loop-inter,10,speed-up,4000,5896,144,0.031638
vector-mult,parallel-paw-single-tiled-loop-inter,10,speed-up,4000,5896,144,0.028143
jacobi,parallel-non-tiled-loop-inter,10,speed-up,4858,4858,0,0.096810
jacobi,parallel-paw-tiled-loop-inter,10,speed-up,4858,4858,144,0.083608
jacobi,parallel-paw-single-tiled-loop-inter,10,speed-up,4858,4858,144,0.070057
matrix-mult,parallel-non-tiled,1,speed-up,2805,2805,0,253.023316
matrix-mult,parallel-paw-tiled,1,speed-up,2805,2805,208,137.551973
matrix-mult,parallel-paw-single-tiled,1,speed-up,2805,2805,208,236.148845
vector-mult,parallel-non-tiled,1,speed-up,4000,5896,0,0.091736
vector-mult,parallel-paw-tiled,1,speed-up,4000,5896,208,0.132297
vector-mult,parallel-paw-single-tiled,1,speed-up,4000,5896,208,0.112048
jacobi,parallel-non-tiled,1,speed-up,4858,4858,0,0.525977
jacobi,parallel-paw-tiled,1,speed-up,4858,4858,208,0.337080
jacobi,parallel-paw-single-tiled,1,speed-up,4858,4858,208,0.510708