matrix-mult,parallel-paw-single-tiled,1,cache-misses,1200,1200,4495069
vector-mult,parallel-non-tiled,1,cache-misses,1200,1200,143843
jacobi,parallel-paw-single-tiled,1,cache-misses,1200,1200,317673
matrix-mult,parallel-non-tiled,1,cache-misses,1200,1200,4900458
vector-mult,parallel-paw-single-tiled,1,cache-misses,1200,1200,156640
jacobi,parallel-paw-tiled,1,cache-misses,1200,1200,352372
matrix-mult,parallel-paw-tiled,1,cache-misses,1200,1200,16126295
vector-mult,parallel-paw-tiled,1,cache-misses,1200,1200,156338
jacobi,parallel-non-tiled,1,cache-misses,1200,1200,355716
matrix-mult,parallel-paw-single-tiled,2,cache-misses,1200,1200,2668612
vector-mult,parallel-non-tiled,2,cache-misses,1200,1200,73200
jacobi,parallel-paw-single-tiled,2,cache-misses,1200,1200,159577
matrix-mult,parallel-non-tiled,2,cache-misses,1200,1200,2175615
vector-mult,parallel-paw-single-tiled,2,cache-misses,1200,1200,65917
jacobi,parallel-paw-tiled,2,cache-misses,1200,1200,351399
matrix-mult,parallel-paw-tiled,2,cache-misses,1200,1200,10691826
vector-mult,parallel-paw-tiled,2,cache-misses,1200,1200,85124
jacobi,parallel-non-tiled,2,cache-misses,1200,1200,164260
matrix-mult,parallel-paw-single-tiled,3,cache-misses,1200,1200,2382372
vector-mult,parallel-non-tiled,3,cache-misses,1200,1200,49207
jacobi,parallel-paw-single-tiled,3,cache-misses,1200,1200,109731
matrix-mult,parallel-non-tiled,3,cache-misses,1200,1200,623100
vector-mult,parallel-paw-single-tiled,3,cache-misses,1200,1200,44537
jacobi,parallel-paw-tiled,3,cache-misses,1200,1200,303032
matrix-mult,parallel-paw-tiled,3,cache-misses,1200,1200,2738636
vector-mult,parallel-paw-tiled,3,cache-misses,1200,1200,45994
jacobi,parallel-non-tiled,3,cache-misses,1200,1200,120339
matrix-mult,parallel-paw-single-tiled,4,cache-misses,1200,1200,1447314
vector-mult,parallel-non-tiled,4,cache-misses,1200,1200,36540
jacobi,parallel-paw-single-tiled,4,cache-misses,1200,1200,70857
matrix-mult,parallel-non-tiled,4,cache-misses,1200,1200,473112
vector-mult,parallel-paw-single-tiled,4,cache-misses,1200,1200,33314
jacobi,parallel-paw-tiled,4,cache-misses,1200,1200,349449
matrix-mult,parallel-paw-tiled,4,cache-misses,1200,1200,2333228
vector-mult,parallel-paw-tiled,4,cache-misses,1200,1200,35997
jacobi,parallel-non-tiled,4,cache-misses,1200,1200,86177
matrix-mult,parallel-paw-single-tiled,5,cache-misses,1200,1200,690257
vector-mult,parallel-non-tiled,5,cache-misses,1200,1200,29626
jacobi,parallel-paw-single-tiled,5,cache-misses,1200,1200,51954
matrix-mult,parallel-non-tiled,5,cache-misses,1200,1200,1068977
vector-mult,parallel-paw-single-tiled,5,cache-misses,1200,1200,19412
jacobi,parallel-paw-tiled,5,cache-misses,1200,1200,353066
matrix-mult,parallel-paw-tiled,5,cache-misses,1200,1200,2830701
vector-mult,parallel-paw-tiled,5,cache-misses,1200,1200,19628
jacobi,parallel-non-tiled,5,cache-misses,1200,1200,54777
matrix-mult,parallel-paw-single-tiled,6,cache-misses,1200,1200,495873
vector-mult,parallel-non-tiled,6,cache-misses,1200,1200,24778
jacobi,parallel-paw-single-tiled,6,cache-misses,1200,1200,46588
matrix-mult,parallel-non-tiled,6,cache-misses,1200,1200,253833
vector-mult,parallel-paw-single-tiled,6,cache-misses,1200,1200,16597
jacobi,parallel-paw-tiled,6,cache-misses,1200,1200,352781
matrix-mult,parallel-paw-tiled,6,cache-misses,1200,1200,1318095
vector-mult,parallel-paw-tiled,6,cache-misses,1200,1200,16444
jacobi,parallel-non-tiled,6,cache-misses,1200,1200,46921
matrix-mult,parallel-paw-single-tiled,7,cache-misses,1200,1200,512520
vector-mult,parallel-non-tiled,7,cache-misses,1200,1200,21543
jacobi,parallel-paw-single-tiled,7,cache-misses,1200,1200,40978
matrix-mult,parallel-non-tiled,7,cache-misses,1200,1200,463635
vector-mult,parallel-paw-single-tiled,7,cache-misses,1200,1200,14478
jacobi,parallel-paw-tiled,7,cache-misses,1200,1200,350642
matrix-mult,parallel-paw-tiled,7,cache-misses,1200,1200,1832700
vector-mult,parallel-paw-tiled,7,cache-misses,1200,1200,14573
jacobi,parallel-non-tiled,7,cache-misses,1200,1200,40553
matrix-mult,parallel-paw-single-tiled,8,cache-misses,1200,1200,59009
vector-mult,parallel-non-tiled,8,cache-misses,1200,1200,19208
jacobi,parallel-paw-single-tiled,8,cache-misses,1200,1200,31533
matrix-mult,parallel-non-tiled,8,cache-misses,1200,1200,348076
vector-mult,parallel-paw-single-tiled,8,cache-misses,1200,1200,12862
jacobi,parallel-paw-tiled,8,cache-misses,1200,1200,316439
matrix-mult,parallel-paw-tiled,8,cache-misses,1200,1200,1169448
vector-mult,parallel-paw-tiled,8,cache-misses,1200,1200,12759
jacobi,parallel-non-tiled,8,cache-misses,1200,1200,33323
matrix-mult,parallel-non-tiled,1,total-instructions,1200,1200,88142414058
matrix-mult,parallel-paw-tiled,1,total-instructions,1200,1200,93889070166
matrix-mult,parallel-paw-single-tiled,1,total-instructions,1200,1200,82275941643
vector-mult,parallel-non-tiled,1,total-instructions,1200,1200,50412035
vector-mult,parallel-paw-tiled,1,total-instructions,1200,1200,56635779
vector-mult,parallel-paw-single-tiled,1,total-instructions,1200,1200,56635779
jacobi,parallel-non-tiled,1,total-instructions,1200,1200,122005549
jacobi,parallel-paw-tiled,1,total-instructions,1200,1200,124391209
jacobi,parallel-paw-single-tiled,1,total-instructions,1200,1200,113971636
matrix-mult,parallel-non-tiled,2,total-instructions,1200,1200,44071214978
matrix-mult,parallel-paw-tiled,2,total-instructions,1200,1200,46944543009
matrix-mult,parallel-paw-single-tiled,2,total-instructions,1200,1200,41140078496
vector-mult,parallel-non-tiled,2,total-instructions,1200,1200,25217741
vector-mult,parallel-paw-tiled,2,total-instructions,1200,1200,28340627
vector-mult,parallel-paw-single-tiled,2,total-instructions,1200,1200,28342035
jacobi,parallel-non-tiled,2,total-instructions,1200,1200,61028769
jacobi,parallel-paw-tiled,2,total-instructions,1200,1200,124397732
jacobi,parallel-paw-single-tiled,2,total-instructions,1200,1200,57057840
matrix-mult,parallel-non-tiled,3,total-instructions,1200,1200,29380814086
matrix-mult,parallel-paw-tiled,3,total-instructions,1200,1200,31296366509
matrix-mult,parallel-paw-single-tiled,3,total-instructions,1200,1200,27768140090
vector-mult,parallel-non-tiled,3,total-instructions,1200,1200,16815180
vector-mult,parallel-paw-tiled,3,total-instructions,1200,1200,18920709
vector-mult,parallel-paw-single-tiled,3,total-instructions,1200,1200,18916272
jacobi,parallel-non-tiled,3,total-instructions,1200,1200,40810837
jacobi,parallel-paw-tiled,3,total-instructions,1200,1200,124398989
jacobi,parallel-paw-single-tiled,3,total-instructions,1200,1200,38577122
matrix-mult,parallel-non-tiled,4,total-instructions,1200,1200,22035616182
matrix-mult,parallel-paw-tiled,4,total-instructions,1200,1200,23472279890
matrix-mult,parallel-paw-single-tiled,4,total-instructions,1200,1200,20568995696
vector-mult,parallel-non-tiled,4,total-instructions,1200,1200,12614726
vector-mult,parallel-paw-tiled,4,total-instructions,1200,1200,14250649
vector-mult,parallel-paw-single-tiled,4,total-instructions,1200,1200,14220090
jacobi,parallel-non-tiled,4,total-instructions,1200,1200,30621730
jacobi,parallel-paw-tiled,4,total-instructions,1200,1200,124401498
jacobi,parallel-paw-single-tiled,4,total-instructions,1200,1200,28582185
matrix-mult,parallel-non-tiled,5,total-instructions,1200,1200,17628495135
matrix-mult,parallel-paw-tiled,5,total-instructions,1200,1200,18777826158
matrix-mult,parallel-paw-single-tiled,5,total-instructions,1200,1200,16457301265
vector-mult,parallel-non-tiled,5,total-instructions,1200,1200,10096610
vector-mult,parallel-paw-tiled,5,total-instructions,1200,1200,11402098
vector-mult,parallel-paw-single-tiled,5,total-instructions,1200,1200,11399641
jacobi,parallel-non-tiled,5,total-instructions,1200,1200,24453459
jacobi,parallel-paw-tiled,5,total-instructions,1200,1200,124400699
jacobi,parallel-paw-single-tiled,5,total-instructions,1200,1200,22825950
matrix-mult,parallel-non-tiled,6,total-instructions,1200,1200,14692515014
matrix-mult,parallel-paw-tiled,6,total-instructions,1200,1200,15650291218
matrix-mult,parallel-paw-single-tiled,6,total-instructions,1200,1200,14400402224
vector-mult,parallel-non-tiled,6,total-instructions,1200,1200,8425575
vector-mult,parallel-paw-tiled,6,total-instructions,1200,1200,9524963
vector-mult,parallel-paw-single-tiled,6,total-instructions,1200,1200,9520162
jacobi,parallel-non-tiled,6,total-instructions,1200,1200,20380271
jacobi,parallel-paw-tiled,6,total-instructions,1200,1200,124401227
jacobi,parallel-paw-single-tiled,6,total-instructions,1200,1200,19975125
matrix-mult,parallel-non-tiled,7,total-instructions,1200,1200,12635860315
matrix-mult,parallel-paw-tiled,7,total-instructions,1200,1200,13459547006
matrix-mult,parallel-paw-single-tiled,7,total-instructions,1200,1200,12343506005
vector-mult,parallel-non-tiled,7,total-instructions,1200,1200,7248079
vector-mult,parallel-paw-tiled,7,total-instructions,1200,1200,8208625
vector-mult,parallel-paw-single-tiled,7,total-instructions,1200,1200,8209226
jacobi,parallel-non-tiled,7,total-instructions,1200,1200,17535223
jacobi,parallel-paw-tiled,7,total-instructions,1200,1200,124402534
jacobi,parallel-paw-single-tiled,7,total-instructions,1200,1200,17127463
matrix-mult,parallel-non-tiled,8,total-instructions,1200,1200,11017817103
matrix-mult,parallel-paw-tiled,8,total-instructions,1200,1200,11738249270
matrix-mult,parallel-paw-single-tiled,8,total-instructions,1200,1200,10286607983
vector-mult,parallel-non-tiled,8,total-instructions,1200,1200,6323357
vector-mult,parallel-paw-tiled,8,total-instructions,1200,1200,7181243
vector-mult,parallel-paw-single-tiled,8,total-instructions,1200,1200,7179633
jacobi,parallel-non-tiled,8,total-instructions,1200,1200,15293838
jacobi,parallel-paw-tiled,8,total-instructions,1200,1200,124403854
jacobi,parallel-paw-single-tiled,8,total-instructions,1200,1200,14274300
matrix-mult,parallel-paw-single-tiled,1,cache-misses,1200,1200,4807637
vector-mult,parallel-non-tiled,1,cache-misses,1200,1200,143822
jacobi,parallel-paw-single-tiled,1,cache-misses,1200,1200,317251
matrix-mult,parallel-non-tiled,1,cache-misses,1200,1200,5231998
vector-mult,parallel-paw-single-tiled,1,cache-misses,1200,1200,156368
jacobi,parallel-paw-tiled,1,cache-misses,1200,1200,351043
matrix-mult,parallel-paw-tiled,1,cache-misses,1200,1200,17748806
vector-mult,parallel-paw-tiled,1,cache-misses,1200,1200,150897
jacobi,parallel-non-tiled,1,cache-misses,1200,1200,328687
matrix-mult,parallel-paw-single-tiled,2,cache-misses,1200,1200,1612189
vector-mult,parallel-non-tiled,2,cache-misses,1200,1200,73106
jacobi,parallel-paw-single-tiled,2,cache-misses,1200,1200,157744
matrix-mult,parallel-non-tiled,2,cache-misses,1200,1200,3568585
vector-mult,parallel-paw-single-tiled,2,cache-misses,1200,1200,70963
jacobi,parallel-paw-tiled,2,cache-misses,1200,1200,348597
matrix-mult,parallel-paw-tiled,2,cache-misses,1200,1200,9983713
vector-mult,parallel-paw-tiled,2,cache-misses,1200,1200,70931
jacobi,parallel-non-tiled,2,cache-misses,1200,1200,169156
matrix-mult,parallel-paw-single-tiled,3,cache-misses,1200,1200,647125
vector-mult,parallel-non-tiled,3,cache-misses,1200,1200,49067
jacobi,parallel-paw-single-tiled,3,cache-misses,1200,1200,104132
matrix-mult,parallel-non-tiled,3,cache-misses,1200,1200,849498
vector-mult,parallel-paw-single-tiled,3,cache-misses,1200,1200,47033
jacobi,parallel-paw-tiled,3,cache-misses,1200,1200,307328
matrix-mult,parallel-paw-tiled,3,cache-misses,1200,1200,4869259
vector-mult,parallel-paw-tiled,3,cache-misses,1200,1200,50027
jacobi,parallel-non-tiled,3,cache-misses,1200,1200,110663
matrix-mult,parallel-paw-single-tiled,4,cache-misses,1200,1200,2088347
vector-mult,parallel-non-tiled,4,cache-misses,1200,1200,36683
jacobi,parallel-paw-single-tiled,4,cache-misses,1200,1200,89017
matrix-mult,parallel-non-tiled,4,cache-misses,1200,1200,559829
vector-mult,parallel-paw-single-tiled,4,cache-misses,1200,1200,35741
jacobi,parallel-paw-tiled,4,cache-misses,1200,1200,345669
matrix-mult,parallel-paw-tiled,4,cache-misses,1200,1200,2178789
vector-mult,parallel-paw-tiled,4,cache-misses,1200,1200,35753
jacobi,parallel-non-tiled,4,cache-misses,1200,1200,87151
matrix-mult,parallel-paw-single-tiled,5,cache-misses,1200,1200,176836
vector-mult,parallel-non-tiled,5,cache-misses,1200,1200,29519
jacobi,parallel-paw-single-tiled,5,cache-misses,1200,1200,52795
matrix-mult,parallel-non-tiled,5,cache-misses,1200,1200,828929
vector-mult,parallel-paw-single-tiled,5,cache-misses,1200,1200,19398
jacobi,parallel-paw-tiled,5,cache-misses,1200,1200,353183
matrix-mult,parallel-paw-tiled,5,cache-misses,1200,1200,2928590
vector-mult,parallel-paw-tiled,5,cache-misses,1200,1200,19649
jacobi,parallel-non-tiled,5,cache-misses,1200,1200,54832
matrix-mult,parallel-paw-single-tiled,6,cache-misses,1200,1200,189273
vector-mult,parallel-non-tiled,6,cache-misses,1200,1200,24854
jacobi,parallel-paw-single-tiled,6,cache-misses,1200,1200,46480
matrix-mult,parallel-non-tiled,6,cache-misses,1200,1200,619638
vector-mult,parallel-paw-single-tiled,6,cache-misses,1200,1200,16569
jacobi,parallel-paw-tiled,6,cache-misses,1200,1200,347986
matrix-mult,parallel-paw-tiled,6,cache-misses,1200,1200,2146683
vector-mult,parallel-paw-tiled,6,cache-misses,1200,1200,16402
jacobi,parallel-non-tiled,6,cache-misses,1200,1200,45943
matrix-mult,parallel-paw-single-tiled,7,cache-misses,1200,1200,200934
vector-mult,parallel-non-tiled,7,cache-misses,1200,1200,21619
jacobi,parallel-paw-single-tiled,7,cache-misses,1200,1200,41393
matrix-mult,parallel-non-tiled,7,cache-misses,1200,1200,339084
vector-mult,parallel-paw-single-tiled,7,cache-misses,1200,1200,14264
jacobi,parallel-paw-tiled,7,cache-misses,1200,1200,349805
matrix-mult,parallel-paw-tiled,7,cache-misses,1200,1200,1532549
vector-mult,parallel-paw-tiled,7,cache-misses,1200,1200,14374
jacobi,parallel-non-tiled,7,cache-misses,1200,1200,40187
matrix-mult,parallel-paw-single-tiled,8,cache-misses,1200,1200,64354
vector-mult,parallel-non-tiled,8,cache-misses,1200,1200,18954
jacobi,parallel-paw-single-tiled,8,cache-misses,1200,1200,32008
matrix-mult,parallel-non-tiled,8,cache-misses,1200,1200,258751
vector-mult,parallel-paw-single-tiled,8,cache-misses,1200,1200,12754
jacobi,parallel-paw-tiled,8,cache-misses,1200,1200,315619
matrix-mult,parallel-paw-tiled,8,cache-misses,1200,1200,1613707
vector-mult,parallel-paw-tiled,8,cache-misses,1200,1200,12699
jacobi,parallel-non-tiled,8,cache-misses,1200,1200,33792
matrix-mult,parallel-non-tiled,1,total-instructions,1200,1200,88142413999
matrix-mult,parallel-paw-tiled,1,total-instructions,1200,1200,93889070064
matrix-mult,parallel-paw-single-tiled,1,total-instructions,1200,1200,82275940971
vector-mult,parallel-non-tiled,1,total-instructions,1200,1200,50412035
vector-mult,parallel-paw-tiled,1,total-instructions,1200,1200,56635779
vector-mult,parallel-paw-single-tiled,1,total-instructions,1200,1200,56635779
jacobi,parallel-non-tiled,1,total-instructions,1200,1200,122005548
jacobi,parallel-paw-tiled,1,total-instructions,1200,1200,124391208
jacobi,parallel-paw-single-tiled,1,total-instructions,1200,1200,113971637
matrix-mult,parallel-non-tiled,2,total-instructions,1200,1200,44071215317
matrix-mult,parallel-paw-tiled,2,total-instructions,1200,1200,46944543358
matrix-mult,parallel-paw-single-tiled,2,total-instructions,1200,1200,41140078922
vector-mult,parallel-non-tiled,2,total-instructions,1200,1200,25217587
vector-mult,parallel-paw-tiled,2,total-instructions,1200,1200,28549724
vector-mult,parallel-paw-single-tiled,2,total-instructions,1200,1200,28347990
jacobi,parallel-non-tiled,2,total-instructions,1200,1200,61019893
jacobi,parallel-paw-tiled,2,total-instructions,1200,1200,124398012
jacobi,parallel-paw-single-tiled,2,total-instructions,1200,1200,57072834
matrix-mult,parallel-non-tiled,3,total-instructions,1200,1200,29380814065
matrix-mult,parallel-paw-tiled,3,total-instructions,1200,1200,31296366217
matrix-mult,parallel-paw-single-tiled,3,total-instructions,1200,1200,27770243787
vector-mult,parallel-non-tiled,3,total-instructions,1200,1200,16813305
vector-mult,parallel-paw-tiled,3,total-instructions,1200,1200,18922872
vector-mult,parallel-paw-single-tiled,3,total-instructions,1200,1200,18916202
jacobi,parallel-non-tiled,3,total-instructions,1200,1200,40815940
jacobi,parallel-paw-tiled,3,total-instructions,1200,1200,124399192
jacobi,parallel-paw-single-tiled,3,total-instructions,1200,1200,38509384
matrix-mult,parallel-non-tiled,4,total-instructions,1200,1200,22035616079
matrix-mult,parallel-paw-tiled,4,total-instructions,1200,1200,23472279870
matrix-mult,parallel-paw-single-tiled,4,total-instructions,1200,1200,20571097561
vector-mult,parallel-non-tiled,4,total-instructions,1200,1200,12616042
vector-mult,parallel-paw-tiled,4,total-instructions,1200,1200,14219334
vector-mult,parallel-paw-single-tiled,4,total-instructions,1200,1200,14312266
jacobi,parallel-non-tiled,4,total-instructions,1200,1200,30613372
jacobi,parallel-paw-tiled,4,total-instructions,1200,1200,124401399
jacobi,parallel-paw-single-tiled,4,total-instructions,1200,1200,28581835
matrix-mult,parallel-non-tiled,5,total-instructions,1200,1200,17628494940
matrix-mult,parallel-paw-tiled,5,total-instructions,1200,1200,18777825146
matrix-mult,parallel-paw-single-tiled,5,total-instructions,1200,1200,16455199817
vector-mult,parallel-non-tiled,5,total-instructions,1200,1200,10093587
vector-mult,parallel-paw-tiled,5,total-instructions,1200,1200,11398871
vector-mult,parallel-paw-single-tiled,5,total-instructions,1200,1200,11396298
jacobi,parallel-non-tiled,5,total-instructions,1200,1200,24452612
jacobi,parallel-paw-tiled,5,total-instructions,1200,1200,124400531
jacobi,parallel-paw-single-tiled,5,total-instructions,1200,1200,22826161
matrix-mult,parallel-non-tiled,6,total-instructions,1200,1200,14692514913
matrix-mult,parallel-paw-tiled,6,total-instructions,1200,1200,15650290911
matrix-mult,parallel-paw-single-tiled,6,total-instructions,1200,1200,14400402273
vector-mult,parallel-non-tiled,6,total-instructions,1200,1200,8423251
vector-mult,parallel-paw-tiled,6,total-instructions,1200,1200,9519496
vector-mult,parallel-paw-single-tiled,6,total-instructions,1200,1200,9521359
jacobi,parallel-non-tiled,6,total-instructions,1200,1200,20390386
jacobi,parallel-paw-tiled,6,total-instructions,1200,1200,124401255
jacobi,parallel-paw-single-tiled,6,total-instructions,1200,1200,19985667
matrix-mult,parallel-non-tiled,7,total-instructions,1200,1200,12633760236
matrix-mult,parallel-paw-tiled,7,total-instructions,1200,1200,13457447269
matrix-mult,parallel-paw-single-tiled,7,total-instructions,1200,1200,12343505074
vector-mult,parallel-non-tiled,7,total-instructions,1200,1200,7247820
vector-mult,parallel-paw-tiled,7,total-instructions,1200,1200,8210311
vector-mult,parallel-paw-single-tiled,7,total-instructions,1200,1200,8208492
jacobi,parallel-non-tiled,7,total-instructions,1200,1200,17532838
jacobi,parallel-paw-tiled,7,total-instructions,1200,1200,124402464
jacobi,parallel-paw-single-tiled,7,total-instructions,1200,1200,17125502
matrix-mult,parallel-non-tiled,8,total-instructions,1200,1200,11017817951
matrix-mult,parallel-paw-tiled,8,total-instructions,1200,1200,11738249283
matrix-mult,parallel-paw-single-tiled,8,total-instructions,1200,1200,10286390569
vector-mult,parallel-non-tiled,8,total-instructions,1200,1200,6323482
vector-mult,parallel-paw-tiled,8,total-instructions,1200,1200,7178828
vector-mult,parallel-paw-single-tiled,8,total-instructions,1200,1200,7179304
jacobi,parallel-non-tiled,8,total-instructions,1200,1200,15290758
jacobi,parallel-paw-tiled,8,total-instructions,1200,1200,124403560
jacobi,parallel-paw-single-tiled,8,total-instructions,1200,1200,14274035
matrix-mult,parallel-paw-single-tiled,1,cache-misses,1200,1200,4708850
vector-mult,parallel-non-tiled,1,cache-misses,1200,1200,144144
jacobi,parallel-paw-single-tiled,1,cache-misses,1200,1200,314578
matrix-mult,parallel-non-tiled,1,cache-misses,1200,1200,6051903
vector-mult,parallel-paw-single-tiled,1,cache-misses,1200,1200,149438
jacobi,parallel-paw-tiled,1,cache-misses,1200,1200,346588
matrix-mult,parallel-paw-tiled,1,cache-misses,1200,1200,19388877
vector-mult,parallel-paw-tiled,1,cache-misses,1200,1200,148721
jacobi,parallel-non-tiled,1,cache-misses,1200,1200,327204
matrix-mult,parallel-paw-single-tiled,2,cache-misses,1200,1200,2677583
vector-mult,parallel-non-tiled,2,cache-misses,1200,1200,71888
jacobi,parallel-paw-single-tiled,2,cache-misses,1200,1200,158909
matrix-mult,parallel-non-tiled,2,cache-misses,1200,1200,3367558
vector-mult,parallel-paw-single-tiled,2,cache-misses,1200,1200,70976
jacobi,parallel-paw-tiled,2,cache-misses,1200,1200,345505
matrix-mult,parallel-paw-tiled,2,cache-misses,1200,1200,10194312
vector-mult,parallel-paw-tiled,2,cache-misses,1200,1200,68014
jacobi,parallel-non-tiled,2,cache-misses,1200,1200,166115
matrix-mult,parallel-paw-single-tiled,3,cache-misses,1200,1200,1109648
vector-mult,parallel-non-tiled,3,cache-misses,1200,1200,49049
jacobi,parallel-paw-single-tiled,3,cache-misses,1200,1200,102813
matrix-mult,parallel-non-tiled,3,cache-misses,1200,1200,1028901
vector-mult,parallel-paw-single-tiled,3,cache-misses,1200,1200,44789
jacobi,parallel-paw-tiled,3,cache-misses,1200,1200,302323
matrix-mult,parallel-paw-tiled,3,cache-misses,1200,1200,5586900
vector-mult,parallel-paw-tiled,3,cache-misses,1200,1200,45035
jacobi,parallel-non-tiled,3,cache-misses,1200,1200,123588
matrix-mult,parallel-paw-single-tiled,4,cache-misses,1200,1200,1832180
vector-mult,parallel-non-tiled,4,cache-misses,1200,1200,37114
jacobi,parallel-paw-single-tiled,4,cache-misses,1200,1200,74221
matrix-mult,parallel-non-tiled,4,cache-misses,1200,1200,300528
vector-mult,parallel-paw-single-tiled,4,cache-misses,1200,1200,33727
jacobi,parallel-paw-tiled,4,cache-misses,1200,1200,300726
matrix-mult,parallel-paw-tiled,4,cache-misses,1200,1200,2981246
vector-mult,parallel-paw-tiled,4,cache-misses,1200,1200,33579
jacobi,parallel-non-tiled,4,cache-misses,1200,1200,85209
matrix-mult,parallel-paw-single-tiled,5,cache-misses,1200,1200,645873
vector-mult,parallel-non-tiled,5,cache-misses,1200,1200,29630
jacobi,parallel-paw-single-tiled,5,cache-misses,1200,1200,52292
matrix-mult,parallel-non-tiled,5,cache-misses,1200,1200,367789
vector-mult,parallel-paw-single-tiled,5,cache-misses,1200,1200,19642
jacobi,parallel-paw-tiled,5,cache-misses,1200,1200,347673
matrix-mult,parallel-paw-tiled,5,cache-misses,1200,1200,2204486
vector-mult,parallel-paw-tiled,5,cache-misses,1200,1200,19393
jacobi,parallel-non-tiled,5,cache-misses,1200,1200,55146
matrix-mult,parallel-paw-single-tiled,6,cache-misses,1200,1200,311257
vector-mult,parallel-non-tiled,6,cache-misses,1200,1200,24770
jacobi,parallel-paw-single-tiled,6,cache-misses,1200,1200,45729
matrix-mult,parallel-non-tiled,6,cache-misses,1200,1200,204214
vector-mult,parallel-paw-single-tiled,6,cache-misses,1200,1200,16495
jacobi,parallel-paw-tiled,6,cache-misses,1200,1200,350259
matrix-mult,parallel-paw-tiled,6,cache-misses,1200,1200,1506755
vector-mult,parallel-paw-tiled,6,cache-misses,1200,1200,16520
jacobi,parallel-non-tiled,6,cache-misses,1200,1200,46648
matrix-mult,parallel-paw-single-tiled,7,cache-misses,1200,1200,254587
vector-mult,parallel-non-tiled,7,cache-misses,1200,1200,21527
jacobi,parallel-paw-single-tiled,7,cache-misses,1200,1200,41924
matrix-mult,parallel-non-tiled,7,cache-misses,1200,1200,414682
vector-mult,parallel-paw-single-tiled,7,cache-misses,1200,1200,14370
jacobi,parallel-paw-tiled,7,cache-misses,1200,1200,349108
matrix-mult,parallel-paw-tiled,7,cache-misses,1200,1200,1986972
vector-mult,parallel-paw-tiled,7,cache-misses,1200,1200,14300
jacobi,parallel-non-tiled,7,cache-misses,1200,1200,37565
matrix-mult,parallel-paw-single-tiled,8,cache-misses,1200,1200,557485
vector-mult,parallel-non-tiled,8,cache-misses,1200,1200,18910
jacobi,parallel-paw-single-tiled,8,cache-misses,1200,1200,35372
matrix-mult,parallel-non-tiled,8,cache-misses,1200,1200,290699
vector-mult,parallel-paw-single-tiled,8,cache-misses,1200,1200,12730
jacobi,parallel-paw-tiled,8,cache-misses,1200,1200,317635
matrix-mult,parallel-paw-tiled,8,cache-misses,1200,1200,1953595
vector-mult,parallel-paw-tiled,8,cache-misses,1200,1200,12711
jacobi,parallel-non-tiled,8,cache-misses,1200,1200,33270
matrix-mult,parallel-non-tiled,1,total-instructions,1200,1200,88142414068
matrix-mult,parallel-paw-tiled,1,total-instructions,1200,1200,93889070209
matrix-mult,parallel-paw-single-tiled,1,total-instructions,1200,1200,82275940938
vector-mult,parallel-non-tiled,1,total-instructions,1200,1200,50412035
vector-mult,parallel-paw-tiled,1,total-instructions,1200,1200,56635779
vector-mult,parallel-paw-single-tiled,1,total-instructions,1200,1200,56635779
jacobi,parallel-non-tiled,1,total-instructions,1200,1200,122005548
jacobi,parallel-paw-tiled,1,total-instructions,1200,1200,124391208
jacobi,parallel-paw-single-tiled,1,total-instructions,1200,1200,113971637
matrix-mult,parallel-non-tiled,2,total-instructions,1200,1200,44071215311
matrix-mult,parallel-paw-tiled,2,total-instructions,1200,1200,46944634469
matrix-mult,parallel-paw-single-tiled,2,total-instructions,1200,1200,41140078757
vector-mult,parallel-non-tiled,2,total-instructions,1200,1200,25214088
vector-mult,parallel-paw-tiled,2,total-instructions,1200,1200,28341202
vector-mult,parallel-paw-single-tiled,2,total-instructions,1200,1200,28339177
jacobi,parallel-non-tiled,2,total-instructions,1200,1200,61038640
jacobi,parallel-paw-tiled,2,total-instructions,1200,1200,124397997
jacobi,parallel-paw-single-tiled,2,total-instructions,1200,1200,57053158
matrix-mult,parallel-non-tiled,3,total-instructions,1200,1200,29380814277
matrix-mult,parallel-paw-tiled,3,total-instructions,1200,1200,31296366612
matrix-mult,parallel-paw-single-tiled,3,total-instructions,1200,1200,27770239510
vector-mult,parallel-non-tiled,3,total-instructions,1200,1200,16817994
vector-mult,parallel-paw-tiled,3,total-instructions,1200,1200,18924846
vector-mult,parallel-paw-single-tiled,3,total-instructions,1200,1200,18917525
jacobi,parallel-non-tiled,3,total-instructions,1200,1200,40767632
jacobi,parallel-paw-tiled,3,total-instructions,1200,1200,124398921
jacobi,parallel-paw-single-tiled,3,total-instructions,1200,1200,38514410
matrix-mult,parallel-non-tiled,4,total-instructions,1200,1200,22035615591
matrix-mult,parallel-paw-tiled,4,total-instructions,1200,1200,23472279876
matrix-mult,parallel-paw-single-tiled,4,total-instructions,1200,1200,20568997804
vector-mult,parallel-non-tiled,4,total-instructions,1200,1200,12614474
vector-mult,parallel-paw-tiled,4,total-instructions,1200,1200,14220727
vector-mult,parallel-paw-single-tiled,4,total-instructions,1200,1200,14218746
jacobi,parallel-non-tiled,4,total-instructions,1200,1200,30587157
jacobi,parallel-paw-tiled,4,total-instructions,1200,1200,124401477
jacobi,parallel-paw-single-tiled,4,total-instructions,1200,1200,28576424
matrix-mult,parallel-non-tiled,5,total-instructions,1200,1200,17628494864
matrix-mult,parallel-paw-tiled,5,total-instructions,1200,1200,18777825711
matrix-mult,parallel-paw-single-tiled,5,total-instructions,1200,1200,16455199755
vector-mult,parallel-non-tiled,5,total-instructions,1200,1200,10093755
vector-mult,parallel-paw-tiled,5,total-instructions,1200,1200,11392012
vector-mult,parallel-paw-single-tiled,5,total-instructions,1200,1200,11394539
jacobi,parallel-non-tiled,5,total-instructions,1200,1200,24453557
jacobi,parallel-paw-tiled,5,total-instructions,1200,1200,124400594
jacobi,parallel-paw-single-tiled,5,total-instructions,1200,1200,22825867
matrix-mult,parallel-non-tiled,6,total-instructions,1200,1200,14692515184
matrix-mult,parallel-paw-tiled,6,total-instructions,1200,1200,15650290829
matrix-mult,parallel-paw-single-tiled,6,total-instructions,1200,1200,14400402364
vector-mult,parallel-non-tiled,6,total-instructions,1200,1200,8424308
vector-mult,parallel-paw-tiled,6,total-instructions,1200,1200,9521632
vector-mult,parallel-paw-single-tiled,6,total-instructions,1200,1200,9522114
jacobi,parallel-non-tiled,6,total-instructions,1200,1200,20388370
jacobi,parallel-paw-tiled,6,total-instructions,1200,1200,124401725
jacobi,parallel-paw-single-tiled,6,total-instructions,1200,1200,19975132
matrix-mult,parallel-non-tiled,7,total-instructions,1200,1200,12633760077
matrix-mult,parallel-paw-tiled,7,total-instructions,1200,1200,13459547164
matrix-mult,parallel-paw-single-tiled,7,total-instructions,1200,1200,12343505009
vector-mult,parallel-non-tiled,7,total-instructions,1200,1200,7247120
vector-mult,parallel-paw-tiled,7,total-instructions,1200,1200,8210101
vector-mult,parallel-paw-single-tiled,7,total-instructions,1200,1200,8217760
jacobi,parallel-non-tiled,7,total-instructions,1200,1200,17533593
jacobi,parallel-paw-tiled,7,total-instructions,1200,1200,124402851
jacobi,parallel-paw-single-tiled,7,total-instructions,1200,1200,17124439
matrix-mult,parallel-non-tiled,8,total-instructions,1200,1200,11017817125
matrix-mult,parallel-paw-tiled,8,total-instructions,1200,1200,11738249078
matrix-mult,parallel-paw-single-tiled,8,total-instructions,1200,1200,10286608062
vector-mult,parallel-non-tiled,8,total-instructions,1200,1200,6323882
vector-mult,parallel-paw-tiled,8,total-instructions,1200,1200,7182758
vector-mult,parallel-paw-single-tiled,8,total-instructions,1200,1200,7180095
jacobi,parallel-non-tiled,8,total-instructions,1200,1200,15298094
jacobi,parallel-paw-tiled,8,total-instructions,1200,1200,124403952
jacobi,parallel-paw-single-tiled,8,total-instructions,1200,1200,14274951
matrix-mult,parallel-paw-single-tiled,1,cache-misses,1200,1200,5409942
vector-mult,parallel-non-tiled,1,cache-misses,1200,1200,141975
jacobi,parallel-paw-single-tiled,1,cache-misses,1200,1200,309050
matrix-mult,parallel-non-tiled,1,cache-misses,1200,1200,5292249
vector-mult,parallel-paw-single-tiled,1,cache-misses,1200,1200,212601
jacobi,parallel-paw-tiled,1,cache-misses,1200,1200,351225
matrix-mult,parallel-paw-tiled,1,cache-misses,1200,1200,19366578
vector-mult,parallel-paw-tiled,1,cache-misses,1200,1200,215707
jacobi,parallel-non-tiled,1,cache-misses,1200,1200,357325
matrix-mult,parallel-paw-single-tiled,2,cache-misses,1200,1200,2411667
vector-mult,parallel-non-tiled,2,cache-misses,1200,1200,71857
jacobi,parallel-paw-single-tiled,2,cache-misses,1200,1200,159914
matrix-mult,parallel-non-tiled,2,cache-misses,1200,1200,2113233
vector-mult,parallel-paw-single-tiled,2,cache-misses,1200,1200,69023
jacobi,parallel-paw-tiled,2,cache-misses,1200,1200,353458
matrix-mult,parallel-paw-tiled,2,cache-misses,1200,1200,12798946
vector-mult,parallel-paw-tiled,2,cache-misses,1200,1200,71549
jacobi,parallel-non-tiled,2,cache-misses,1200,1200,163187
matrix-mult,parallel-paw-single-tiled,3,cache-misses,1200,1200,1084579
vector-mult,parallel-non-tiled,3,cache-misses,1200,1200,49381
jacobi,parallel-paw-single-tiled,3,cache-misses,1200,1200,106701
matrix-mult,parallel-non-tiled,3,cache-misses,1200,1200,732005
vector-mult,parallel-paw-single-tiled,3,cache-misses,1200,1200,44937
jacobi,parallel-paw-tiled,3,cache-misses,1200,1200,302085
matrix-mult,parallel-paw-tiled,3,cache-misses,1200,1200,5250154
vector-mult,parallel-paw-tiled,3,cache-misses,1200,1200,46666
jacobi,parallel-non-tiled,3,cache-misses,1200,1200,111097
matrix-mult,parallel-paw-single-tiled,4,cache-misses,1200,1200,2114966
vector-mult,parallel-non-tiled,4,cache-misses,1200,1200,37227
jacobi,parallel-paw-single-tiled,4,cache-misses,1200,1200,73365
matrix-mult,parallel-non-tiled,4,cache-misses,1200,1200,276428
vector-mult,parallel-paw-single-tiled,4,cache-misses,1200,1200,33682
jacobi,parallel-paw-tiled,4,cache-misses,1200,1200,342679
matrix-mult,parallel-paw-tiled,4,cache-misses,1200,1200,2252306
vector-mult,parallel-paw-tiled,4,cache-misses,1200,1200,35665
jacobi,parallel-non-tiled,4,cache-misses,1200,1200,87634
matrix-mult,parallel-paw-single-tiled,5,cache-misses,1200,1200,611089
vector-mult,parallel-non-tiled,5,cache-misses,1200,1200,29446
jacobi,parallel-paw-single-tiled,5,cache-misses,1200,1200,52445
matrix-mult,parallel-non-tiled,5,cache-misses,1200,1200,796976
vector-mult,parallel-paw-single-tiled,5,cache-misses,1200,1200,19423
jacobi,parallel-paw-tiled,5,cache-misses,1200,1200,351604
matrix-mult,parallel-paw-tiled,5,cache-misses,1200,1200,1797571
vector-mult,parallel-paw-tiled,5,cache-misses,1200,1200,19542
jacobi,parallel-non-tiled,5,cache-misses,1200,1200,53687
matrix-mult,parallel-paw-single-tiled,6,cache-misses,1200,1200,351572
vector-mult,parallel-non-tiled,6,cache-misses,1200,1200,24673
jacobi,parallel-paw-single-tiled,6,cache-misses,1200,1200,46095
matrix-mult,parallel-non-tiled,6,cache-misses,1200,1200,325703
vector-mult,parallel-paw-single-tiled,6,cache-misses,1200,1200,16437
jacobi,parallel-paw-tiled,6,cache-misses,1200,1200,353004
matrix-mult,parallel-paw-tiled,6,cache-misses,1200,1200,2287107
vector-mult,parallel-paw-tiled,6,cache-misses,1200,1200,16607
jacobi,parallel-non-tiled,6,cache-misses,1200,1200,45751
matrix-mult,parallel-paw-single-tiled,7,cache-misses,1200,1200,540969
vector-mult,parallel-non-tiled,7,cache-misses,1200,1200,21519
jacobi,parallel-paw-single-tiled,7,cache-misses,1200,1200,41307
matrix-mult,parallel-non-tiled,7,cache-misses,1200,1200,442419
vector-mult,parallel-paw-single-tiled,7,cache-misses,1200,1200,14425
jacobi,parallel-paw-tiled,7,cache-misses,1200,1200,347803
matrix-mult,parallel-paw-tiled,7,cache-misses,1200,1200,1950100
vector-mult,parallel-paw-tiled,7,cache-misses,1200,1200,14250
jacobi,parallel-non-tiled,7,cache-misses,1200,1200,37328
matrix-mult,parallel-paw-single-tiled,8,cache-misses,1200,1200,59211
vector-mult,parallel-non-tiled,8,cache-misses,1200,1200,19109
jacobi,parallel-paw-single-tiled,8,cache-misses,1200,1200,32345
matrix-mult,parallel-non-tiled,8,cache-misses,1200,1200,313604
vector-mult,parallel-paw-single-tiled,8,cache-misses,1200,1200,12653
jacobi,parallel-paw-tiled,8,cache-misses,1200,1200,316523
matrix-mult,parallel-paw-tiled,8,cache-misses,1200,1200,913029
vector-mult,parallel-paw-tiled,8,cache-misses,1200,1200,12583
jacobi,parallel-non-tiled,8,cache-misses,1200,1200,33864
matrix-mult,parallel-non-tiled,1,total-instructions,1200,1200,88142414071
matrix-mult,parallel-paw-tiled,1,total-instructions,1200,1200,93889070079
matrix-mult,parallel-paw-single-tiled,1,total-instructions,1200,1200,82275940876
vector-mult,parallel-non-tiled,1,total-instructions,1200,1200,50412035
vector-mult,parallel-paw-tiled,1,total-instructions,1200,1200,56635779
vector-mult,parallel-paw-single-tiled,1,total-instructions,1200,1200,56635779
jacobi,parallel-non-tiled,1,total-instructions,1200,1200,122005548
jacobi,parallel-paw-tiled,1,total-instructions,1200,1200,124391207
jacobi,parallel-paw-single-tiled,1,total-instructions,1200,1200,113971637
matrix-mult,parallel-non-tiled,2,total-instructions,1200,1200,44071215394
matrix-mult,parallel-paw-tiled,2,total-instructions,1200,1200,46944543130
matrix-mult,parallel-paw-single-tiled,2,total-instructions,1200,1200,41140078847
vector-mult,parallel-non-tiled,2,total-instructions,1200,1200,25217364
vector-mult,parallel-paw-tiled,2,total-instructions,1200,1200,28340355
vector-mult,parallel-paw-single-tiled,2,total-instructions,1200,1200,28338975
jacobi,parallel-non-tiled,2,total-instructions,1200,1200,61011095
jacobi,parallel-paw-tiled,2,total-instructions,1200,1200,124397802
jacobi,parallel-paw-single-tiled,2,total-instructions,1200,1200,57068558
matrix-mult,parallel-non-tiled,3,total-instructions,1200,1200,29380814807
matrix-mult,parallel-paw-tiled,3,total-instructions,1200,1200,31296368799
matrix-mult,parallel-paw-single-tiled,3,total-instructions,1200,1200,27768139568
vector-mult,parallel-non-tiled,3,total-instructions,1200,1200,16814593
vector-mult,parallel-paw-tiled,3,total-instructions,1200,1200,18926491
vector-mult,parallel-paw-single-tiled,3,total-instructions,1200,1200,18916762
jacobi,parallel-non-tiled,3,total-instructions,1200,1200,40825011
jacobi,parallel-paw-tiled,3,total-instructions,1200,1200,124399101
jacobi,parallel-paw-single-tiled,3,total-instructions,1200,1200,38509251
matrix-mult,parallel-non-tiled,4,total-instructions,1200,1200,22035615585
matrix-mult,parallel-paw-tiled,4,total-instructions,1200,1200,23472279586
matrix-mult,parallel-paw-single-tiled,4,total-instructions,1200,1200,20571097755
vector-mult,parallel-non-tiled,4,total-instructions,1200,1200,12618771
vector-mult,parallel-paw-tiled,4,total-instructions,1200,1200,14260302
vector-mult,parallel-paw-single-tiled,4,total-instructions,1200,1200,14235960
jacobi,parallel-non-tiled,4,total-instructions,1200,1200,30616199
jacobi,parallel-paw-tiled,4,total-instructions,1200,1200,124401394
jacobi,parallel-paw-single-tiled,4,total-instructions,1200,1200,28541292
matrix-mult,parallel-non-tiled,5,total-instructions,1200,1200,17628495496
matrix-mult,parallel-paw-tiled,5,total-instructions,1200,1200,18777825509
matrix-mult,parallel-paw-single-tiled,5,total-instructions,1200,1200,16455200052
vector-mult,parallel-non-tiled,5,total-instructions,1200,1200,10097835
vector-mult,parallel-paw-tiled,5,total-instructions,1200,1200,11401069
vector-mult,parallel-paw-single-tiled,5,total-instructions,1200,1200,11397503
jacobi,parallel-non-tiled,5,total-instructions,1200,1200,24453394
jacobi,parallel-paw-tiled,5,total-instructions,1200,1200,124400517
jacobi,parallel-paw-single-tiled,5,total-instructions,1200,1200,22828568
matrix-mult,parallel-non-tiled,6,total-instructions,1200,1200,14692515078
matrix-mult,parallel-paw-tiled,6,total-instructions,1200,1200,15650290914
matrix-mult,parallel-paw-single-tiled,6,total-instructions,1200,1200,14400402331
vector-mult,parallel-non-tiled,6,total-instructions,1200,1200,8425946
vector-mult,parallel-paw-tiled,6,total-instructions,1200,1200,9524175
vector-mult,parallel-paw-single-tiled,6,total-instructions,1200,1200,9521904
jacobi,parallel-non-tiled,6,total-instructions,1200,1200,20390365
jacobi,parallel-paw-tiled,6,total-instructions,1200,1200,124401480
jacobi,parallel-paw-single-tiled,6,total-instructions,1200,1200,19980116
matrix-mult,parallel-non-tiled,7,total-instructions,1200,1200,12635860220
matrix-mult,parallel-paw-tiled,7,total-instructions,1200,1200,13459547387
matrix-mult,parallel-paw-single-tiled,7,total-instructions,1200,1200,12343505019
vector-mult,parallel-non-tiled,7,total-instructions,1200,1200,7246895
vector-mult,parallel-paw-tiled,7,total-instructions,1200,1200,8210528
vector-mult,parallel-paw-single-tiled,7,total-instructions,1200,1200,8208953
jacobi,parallel-non-tiled,7,total-instructions,1200,1200,17530925
jacobi,parallel-paw-tiled,7,total-instructions,1200,1200,124402906
jacobi,parallel-paw-single-tiled,7,total-instructions,1200,1200,17125258
matrix-mult,parallel-non-tiled,8,total-instructions,1200,1200,11017817146
matrix-mult,parallel-paw-tiled,8,total-instructions,1200,1200,11738249046
matrix-mult,parallel-paw-single-tiled,8,total-instructions,1200,1200,10285826338
vector-mult,parallel-non-tiled,8,total-instructions,1200,1200,6323713
vector-mult,parallel-paw-tiled,8,total-instructions,1200,1200,7177925
vector-mult,parallel-paw-single-tiled,8,total-instructions,1200,1200,7178254
jacobi,parallel-non-tiled,8,total-instructions,1200,1200,15292578
jacobi,parallel-paw-tiled,8,total-instructions,1200,1200,124403770
jacobi,parallel-paw-single-tiled,8,total-instructions,1200,1200,14278514
matrix-mult,parallel-paw-single-tiled,1,cache-misses,1200,1200,5237108
vector-mult,parallel-non-tiled,1,cache-misses,1200,1200,144555
jacobi,parallel-paw-single-tiled,1,cache-misses,1200,1200,307158
matrix-mult,parallel-non-tiled,1,cache-misses,1200,1200,5805472
vector-mult,parallel-paw-single-tiled,1,cache-misses,1200,1200,151155
jacobi,parallel-paw-tiled,1,cache-misses,1200,1200,351341
matrix-mult,parallel-paw-tiled,1,cache-misses,1200,1200,19192534
vector-mult,parallel-paw-tiled,1,cache-misses,1200,1200,155892
jacobi,parallel-non-tiled,1,cache-misses,1200,1200,328448
matrix-mult,parallel-paw-single-tiled,2,cache-misses,1200,1200,1100137
vector-mult,parallel-non-tiled,2,cache-misses,1200,1200,71798
jacobi,parallel-paw-single-tiled,2,cache-misses,1200,1200,154099
matrix-mult,parallel-non-tiled,2,cache-misses,1200,1200,3423880
vector-mult,parallel-paw-single-tiled,2,cache-misses,1200,1200,83169
jacobi,parallel-paw-tiled,2,cache-misses,1200,1200,350270
matrix-mult,parallel-paw-tiled,2,cache-misses,1200,1200,6944955
vector-mult,parallel-paw-tiled,2,cache-misses,1200,1200,70186
jacobi,parallel-non-tiled,2,cache-misses,1200,1200,184977
matrix-mult,parallel-paw-single-tiled,3,cache-misses,1200,1200,917625
vector-mult,parallel-non-tiled,3,cache-misses,1200,1200,49316
jacobi,parallel-paw-single-tiled,3,cache-misses,1200,1200,105973
matrix-mult,parallel-non-tiled,3,cache-misses,1200,1200,1723513
vector-mult,parallel-paw-single-tiled,3,cache-misses,1200,1200,47265
jacobi,parallel-paw-tiled,3,cache-misses,1200,1200,308417
matrix-mult,parallel-paw-tiled,3,cache-misses,1200,1200,5062869
vector-mult,parallel-paw-tiled,3,cache-misses,1200,1200,44819
jacobi,parallel-non-tiled,3,cache-misses,1200,1200,98538
matrix-mult,parallel-paw-single-tiled,4,cache-misses,1200,1200,504457
vector-mult,parallel-non-tiled,4,cache-misses,1200,1200,36470
jacobi,parallel-paw-single-tiled,4,cache-misses,1200,1200,77333
matrix-mult,parallel-non-tiled,4,cache-misses,1200,1200,345860
vector-mult,parallel-paw-single-tiled,4,cache-misses,1200,1200,35814
jacobi,parallel-paw-tiled,4,cache-misses,1200,1200,352378
matrix-mult,parallel-paw-tiled,4,cache-misses,1200,1200,2483471
vector-mult,parallel-paw-tiled,4,cache-misses,1200,1200,36695
jacobi,parallel-non-tiled,4,cache-misses,1200,1200,85928
matrix-mult,parallel-paw-single-tiled,5,cache-misses,1200,1200,220611
vector-mult,parallel-non-tiled,5,cache-misses,1200,1200,29420
jacobi,parallel-paw-single-tiled,5,cache-misses,1200,1200,53147
matrix-mult,parallel-non-tiled,5,cache-misses,1200,1200,440419
vector-mult,parallel-paw-single-tiled,5,cache-misses,1200,1200,19513
jacobi,parallel-paw-tiled,5,cache-misses,1200,1200,351143
matrix-mult,parallel-paw-tiled,5,cache-misses,1200,1200,3482447
vector-mult,parallel-paw-tiled,5,cache-misses,1200,1200,19312
jacobi,parallel-non-tiled,5,cache-misses,1200,1200,54323
matrix-mult,parallel-paw-single-tiled,6,cache-misses,1200,1200,719677
vector-mult,parallel-non-tiled,6,cache-misses,1200,1200,24646
jacobi,parallel-paw-single-tiled,6,cache-misses,1200,1200,46262
matrix-mult,parallel-non-tiled,6,cache-misses,1200,1200,259416
vector-mult,parallel-paw-single-tiled,6,cache-misses,1200,1200,16419
jacobi,parallel-paw-tiled,6,cache-misses,1200,1200,352528
matrix-mult,parallel-paw-tiled,6,cache-misses,1200,1200,2083398
vector-mult,parallel-paw-tiled,6,cache-misses,1200,1200,16512
jacobi,parallel-non-tiled,6,cache-misses,1200,1200,46635
matrix-mult,parallel-paw-single-tiled,7,cache-misses,1200,1200,148222
vector-mult,parallel-non-tiled,7,cache-misses,1200,1200,21451
jacobi,parallel-paw-single-tiled,7,cache-misses,1200,1200,41211
matrix-mult,parallel-non-tiled,7,cache-misses,1200,1200,467137
vector-mult,parallel-paw-single-tiled,7,cache-misses,1200,1200,14297
jacobi,parallel-paw-tiled,7,cache-misses,1200,1200,348906
matrix-mult,parallel-paw-tiled,7,cache-misses,1200,1200,1591962
vector-mult,parallel-paw-tiled,7,cache-misses,1200,1200,14306
jacobi,parallel-non-tiled,7,cache-misses,1200,1200,40168
matrix-mult,parallel-paw-single-tiled,8,cache-misses,1200,1200,594644
vector-mult,parallel-non-tiled,8,cache-misses,1200,1200,19164
jacobi,parallel-paw-single-tiled,8,cache-misses,1200,1200,31860
matrix-mult,parallel-non-tiled,8,cache-misses,1200,1200,236189
vector-mult,parallel-paw-single-tiled,8,cache-misses,1200,1200,12639
jacobi,parallel-paw-tiled,8,cache-misses,1200,1200,348661
matrix-mult,parallel-paw-tiled,8,cache-misses,1200,1200,1348049
vector-mult,parallel-paw-tiled,8,cache-misses,1200,1200,12746
jacobi,parallel-non-tiled,8,cache-misses,1200,1200,37000
matrix-mult,parallel-non-tiled,1,total-instructions,1200,1200,88142414018
matrix-mult,parallel-paw-tiled,1,total-instructions,1200,1200,93889070212
matrix-mult,parallel-paw-single-tiled,1,total-instructions,1200,1200,82275940951
vector-mult,parallel-non-tiled,1,total-instructions,1200,1200,50412036
vector-mult,parallel-paw-tiled,1,total-instructions,1200,1200,56635781
vector-mult,parallel-paw-single-tiled,1,total-instructions,1200,1200,56635780
jacobi,parallel-non-tiled,1,total-instructions,1200,1200,122005549
jacobi,parallel-paw-tiled,1,total-instructions,1200,1200,124391208
jacobi,parallel-paw-single-tiled,1,total-instructions,1200,1200,113971637
matrix-mult,parallel-non-tiled,2,total-instructions,1200,1200,44071215669
matrix-mult,parallel-paw-tiled,2,total-instructions,1200,1200,46944543316
matrix-mult,parallel-paw-single-tiled,2,total-instructions,1200,1200,41137978866
vector-mult,parallel-non-tiled,2,total-instructions,1200,1200,25217923
vector-mult,parallel-paw-tiled,2,total-instructions,1200,1200,28339052
vector-mult,parallel-paw-single-tiled,2,total-instructions,1200,1200,28342558
jacobi,parallel-non-tiled,2,total-instructions,1200,1200,61142661
jacobi,parallel-paw-tiled,2,total-instructions,1200,1200,124397781
jacobi,parallel-paw-single-tiled,2,total-instructions,1200,1200,57044645
matrix-mult,parallel-non-tiled,3,total-instructions,1200,1200,29380815004
matrix-mult,parallel-paw-tiled,3,total-instructions,1200,1200,31296376151
matrix-mult,parallel-paw-single-tiled,3,total-instructions,1200,1200,27770243997
vector-mult,parallel-non-tiled,3,total-instructions,1200,1200,16814530
vector-mult,parallel-paw-tiled,3,total-instructions,1200,1200,18920143
vector-mult,parallel-paw-single-tiled,3,total-instructions,1200,1200,18915803
jacobi,parallel-non-tiled,3,total-instructions,1200,1200,40760493
jacobi,parallel-paw-tiled,3,total-instructions,1200,1200,124398842
jacobi,parallel-paw-single-tiled,3,total-instructions,1200,1200,38568554
matrix-mult,parallel-non-tiled,4,total-instructions,1200,1200,22037715943
matrix-mult,parallel-paw-tiled,4,total-instructions,1200,1200,23472279640
matrix-mult,parallel-paw-single-tiled,4,total-instructions,1200,1200,20569793925
vector-mult,parallel-non-tiled,4,total-instructions,1200,1200,12618736
vector-mult,parallel-paw-tiled,4,total-instructions,1200,1200,14221059
vector-mult,parallel-paw-single-tiled,4,total-instructions,1200,1200,14217418
jacobi,parallel-non-tiled,4,total-instructions,1200,1200,30611160
jacobi,parallel-paw-tiled,4,total-instructions,1200,1200,124401421
jacobi,parallel-paw-single-tiled,4,total-instructions,1200,1200,28540002
matrix-mult,parallel-non-tiled,5,total-instructions,1200,1200,17628494616
matrix-mult,parallel-paw-tiled,5,total-instructions,1200,1200,18777825372
matrix-mult,parallel-paw-single-tiled,5,total-instructions,1200,1200,16455199640
vector-mult,parallel-non-tiled,5,total-instructions,1200,1200,10097751
vector-mult,parallel-paw-tiled,5,total-instructions,1200,1200,11397436
vector-mult,parallel-paw-single-tiled,5,total-instructions,1200,1200,11399158
jacobi,parallel-non-tiled,5,total-instructions,1200,1200,24452981
jacobi,parallel-paw-tiled,5,total-instructions,1200,1200,124400231
jacobi,parallel-paw-single-tiled,5,total-instructions,1200,1200,22826329
matrix-mult,parallel-non-tiled,6,total-instructions,1200,1200,14692514914
matrix-mult,parallel-paw-tiled,6,total-instructions,1200,1200,15650291084
matrix-mult,parallel-paw-single-tiled,6,total-instructions,1200,1200,14400402338
vector-mult,parallel-non-tiled,6,total-instructions,1200,1200,8424855
vector-mult,parallel-paw-tiled,6,total-instructions,1200,1200,9520624
vector-mult,parallel-paw-single-tiled,6,total-instructions,1200,1200,9520812
jacobi,parallel-non-tiled,6,total-instructions,1200,1200,20388076
jacobi,parallel-paw-tiled,6,total-instructions,1200,1200,124401312
jacobi,parallel-paw-single-tiled,6,total-instructions,1200,1200,19974957
matrix-mult,parallel-non-tiled,7,total-instructions,1200,1200,12635860277
matrix-mult,parallel-paw-tiled,7,total-instructions,1200,1200,13459547431
matrix-mult,parallel-paw-single-tiled,7,total-instructions,1200,1200,12343504936
vector-mult,parallel-non-tiled,7,total-instructions,1200,1200,7246910
vector-mult,parallel-paw-tiled,7,total-instructions,1200,1200,8208478
vector-mult,parallel-paw-single-tiled,7,total-instructions,1200,1200,8209926
jacobi,parallel-non-tiled,7,total-instructions,1200,1200,17530302
jacobi,parallel-paw-tiled,7,total-instructions,1200,1200,124402387
jacobi,parallel-paw-single-tiled,7,total-instructions,1200,1200,17128646
matrix-mult,parallel-non-tiled,8,total-instructions,1200,1200,11017826317
matrix-mult,parallel-paw-tiled,8,total-instructions,1200,1200,11737355117
matrix-mult,parallel-paw-single-tiled,8,total-instructions,1200,1200,10286607967
vector-mult,parallel-non-tiled,8,total-instructions,1200,1200,6324624
vector-mult,parallel-paw-tiled,8,total-instructions,1200,1200,7173956
vector-mult,parallel-paw-single-tiled,8,total-instructions,1200,1200,7179678
jacobi,parallel-non-tiled,8,total-instructions,1200,1200,15293452
jacobi,parallel-paw-tiled,8,total-instructions,1200,1200,124403790
jacobi,parallel-paw-single-tiled,8,total-instructions,1200,1200,14276807
matrix-mult,parallel-paw-single-tiled,1,speed-up,1200,1200,7.337808
vector-mult,parallel-non-tiled,1,speed-up,1200,1200,0.003324
jacobi,parallel-paw-tiled,1,speed-up,1200,1200,0.009167
matrix-mult,parallel-non-tiled,1,speed-up,1200,1200,8.119656
vector-mult,parallel-paw-single-tiled,1,speed-up,1200,1200,0.004402
jacobi,parallel-non-tiled,1,speed-up,1200,1200,0.012401
matrix-mult,parallel-paw-tiled,1,speed-up,1200,1200,5.751966
vector-mult,parallel-paw-tiled,1,speed-up,1200,1200,0.005134
jacobi,parallel-paw-single-tiled,1,speed-up,1200,1200,0.011120
matrix-mult,parallel-paw-single-tiled,2,speed-up,1200,1200,3.810208
vector-mult,parallel-non-tiled,2,speed-up,1200,1200,0.001715
jacobi,parallel-paw-tiled,2,speed-up,1200,1200,0.004523
matrix-mult,parallel-non-tiled,2,speed-up,1200,1200,4.324902
vector-mult,parallel-paw-single-tiled,2,speed-up,1200,1200,0.002470
jacobi,parallel-non-tiled,2,speed-up,1200,1200,0.006575
matrix-mult,parallel-paw-tiled,2,speed-up,1200,1200,2.891767
vector-mult,parallel-paw-tiled,2,speed-up,1200,1200,0.002712
jacobi,parallel-paw-single-tiled,2,speed-up,1200,1200,0.005868
matrix-mult,parallel-paw-single-tiled,3,speed-up,1200,1200,2.588997
vector-mult,parallel-non-tiled,3,speed-up,1200,1200,0.001259
jacobi,parallel-paw-tiled,3,speed-up,1200,1200,0.006062
matrix-mult,parallel-non-tiled,3,speed-up,1200,1200,2.837434
vector-mult,parallel-paw-single-tiled,3,speed-up,1200,1200,0.001778
jacobi,parallel-non-tiled,3,speed-up,1200,1200,0.004328
matrix-mult,parallel-paw-tiled,3,speed-up,1200,1200,1.951782
vector-mult,parallel-paw-tiled,3,speed-up,1200,1200,0.001917
jacobi,parallel-paw-single-tiled,3,speed-up,1200,1200,0.004149
matrix-mult,parallel-paw-single-tiled,4,speed-up,1200,1200,2.033878
vector-mult,parallel-non-tiled,4,speed-up,1200,1200,0.000992
jacobi,parallel-paw-tiled,4,speed-up,1200,1200,0.004697
matrix-mult,parallel-non-tiled,4,speed-up,1200,1200,2.154252
vector-mult,parallel-paw-single-tiled,4,speed-up,1200,1200,0.001491
jacobi,parallel-non-tiled,4,speed-up,1200,1200,0.003432
matrix-mult,parallel-paw-tiled,4,speed-up,1200,1200,1.554360
vector-mult,parallel-paw-tiled,4,speed-up,1200,1200,0.001588
jacobi,parallel-paw-single-tiled,4,speed-up,1200,1200,0.003250
matrix-mult,parallel-paw-single-tiled,5,speed-up,1200,1200,2.450712
vector-mult,parallel-non-tiled,5,speed-up,1200,1200,0.001443
jacobi,parallel-paw-tiled,5,speed-up,1200,1200,0.005253
matrix-mult,parallel-non-tiled,5,speed-up,1200,1200,2.708027
vector-mult,parallel-paw-single-tiled,5,speed-up,1200,1200,0.001576
jacobi,parallel-non-tiled,5,speed-up,1200,1200,0.004830
matrix-mult,parallel-paw-tiled,5,speed-up,1200,1200,1.855138
vector-mult,parallel-paw-tiled,5,speed-up,1200,1200,0.001772
jacobi,parallel-paw-single-tiled,5,speed-up,1200,1200,0.004564
matrix-mult,parallel-paw-single-tiled,6,speed-up,1200,1200,2.198272
vector-mult,parallel-non-tiled,6,speed-up,1200,1200,0.001254
jacobi,parallel-paw-tiled,6,speed-up,1200,1200,0.004933
matrix-mult,parallel-non-tiled,6,speed-up,1200,1200,2.349155
vector-mult,parallel-paw-single-tiled,6,speed-up,1200,1200,0.001374
jacobi,parallel-non-tiled,6,speed-up,1200,1200,0.004234
matrix-mult,parallel-paw-tiled,6,speed-up,1200,1200,1.648263
vector-mult,parallel-paw-tiled,6,speed-up,1200,1200,0.001522
jacobi,parallel-paw-single-tiled,6,speed-up,1200,1200,0.003905
matrix-mult,parallel-paw-single-tiled,7,speed-up,1200,1200,2.260254
vector-mult,parallel-non-tiled,7,speed-up,1200,1200,0.001094
jacobi,parallel-paw-tiled,7,speed-up,1200,1200,0.004337
matrix-mult,parallel-non-tiled,7,speed-up,1200,1200,2.332146
vector-mult,parallel-paw-single-tiled,7,speed-up,1200,1200,0.001217
jacobi,parallel-non-tiled,7,speed-up,1200,1200,0.003599
matrix-mult,parallel-paw-tiled,7,speed-up,1200,1200,1.728343
vector-mult,parallel-paw-tiled,7,speed-up,1200,1200,0.001347
jacobi,parallel-paw-single-tiled,7,speed-up,1200,1200,0.003456
matrix-mult,parallel-paw-single-tiled,8,speed-up,1200,1200,2.205858
vector-mult,parallel-non-tiled,8,speed-up,1200,1200,0.000987
jacobi,parallel-paw-tiled,8,speed-up,1200,1200,0.003834
matrix-mult,parallel-non-tiled,8,speed-up,1200,1200,2.283531
vector-mult,parallel-paw-single-tiled,8,speed-up,1200,1200,0.001109
jacobi,parallel-non-tiled,8,speed-up,1200,1200,0.003167
matrix-mult,parallel-paw-tiled,8,speed-up,1200,1200,1.588953
vector-mult,parallel-paw-tiled,8,speed-up,1200,1200,0.001217
jacobi,parallel-paw-single-tiled,8,speed-up,1200,1200,0.002973
matrix-mult,parallel-paw-single-tiled,1,speed-up,1200,1200,7.283832
vector-mult,parallel-non-tiled,1,speed-up,1200,1200,0.003300
jacobi,parallel-paw-tiled,1,speed-up,1200,1200,0.009048
matrix-mult,parallel-non-tiled,1,speed-up,1200,1200,8.225652
vector-mult,parallel-paw-single-tiled,1,speed-up,1200,1200,0.004426
jacobi,parallel-non-tiled,1,speed-up,1200,1200,0.011906
matrix-mult,parallel-paw-tiled,1,speed-up,1200,1200,5.710103
vector-mult,parallel-paw-tiled,1,speed-up,1200,1200,0.004769
jacobi,parallel-paw-single-tiled,1,speed-up,1200,1200,0.011276
matrix-mult,parallel-paw-single-tiled,2,speed-up,1200,1200,3.705852
vector-mult,parallel-non-tiled,2,speed-up,1200,1200,0.001712
jacobi,parallel-paw-tiled,2,speed-up,1200,1200,0.004549
matrix-mult,parallel-non-tiled,2,speed-up,1200,1200,4.206911
vector-mult,parallel-paw-single-tiled,2,speed-up,1200,1200,0.002477
jacobi,parallel-non-tiled,2,speed-up,1200,1200,0.006503
matrix-mult,parallel-paw-tiled,2,speed-up,1200,1200,2.896885
vector-mult,parallel-paw-tiled,2,speed-up,1200,1200,0.002681
jacobi,parallel-paw-single-tiled,2,speed-up,1200,1200,0.005939
matrix-mult,parallel-paw-single-tiled,3,speed-up,1200,1200,2.611449
vector-mult,parallel-non-tiled,3,speed-up,1200,1200,0.001219
jacobi,parallel-paw-tiled,3,speed-up,1200,1200,0.006147
matrix-mult,parallel-non-tiled,3,speed-up,1200,1200,2.926625
vector-mult,parallel-paw-single-tiled,3,speed-up,1200,1200,0.001762
jacobi,parallel-non-tiled,3,speed-up,1200,1200,0.004416
matrix-mult,parallel-paw-tiled,3,speed-up,1200,1200,1.958798
vector-mult,parallel-paw-tiled,3,speed-up,1200,1200,0.002072
jacobi,parallel-paw-single-tiled,3,speed-up,1200,1200,0.004117
matrix-mult,parallel-paw-single-tiled,4,speed-up,1200,1200,2.031655
vector-mult,parallel-non-tiled,4,speed-up,1200,1200,0.000994
jacobi,parallel-paw-tiled,4,speed-up,1200,1200,0.004695
matrix-mult,parallel-non-tiled,4,speed-up,1200,1200,2.215064
vector-mult,parallel-paw-single-tiled,4,speed-up,1200,1200,0.001393
jacobi,parallel-non-tiled,4,speed-up,1200,1200,0.003422
matrix-mult,parallel-paw-tiled,4,speed-up,1200,1200,1.556609
vector-mult,parallel-paw-tiled,4,speed-up,1200,1200,0.001673
jacobi,parallel-paw-single-tiled,4,speed-up,1200,1200,0.003208
matrix-mult,parallel-paw-single-tiled,5,speed-up,1200,1200,2.474155
vector-mult,parallel-non-tiled,5,speed-up,1200,1200,0.001402
jacobi,parallel-paw-tiled,5,speed-up,1200,1200,0.005265
matrix-mult,parallel-non-tiled,5,speed-up,1200,1200,2.755380
vector-mult,parallel-paw-single-tiled,5,speed-up,1200,1200,0.001581
jacobi,parallel-non-tiled,5,speed-up,1200,1200,0.004842
matrix-mult,parallel-paw-tiled,5,speed-up,1200,1200,1.854979
vector-mult,parallel-paw-tiled,5,speed-up,1200,1200,0.001777
jacobi,parallel-paw-single-tiled,5,speed-up,1200,1200,0.004549
matrix-mult,parallel-paw-single-tiled,6,speed-up,1200,1200,2.165738
vector-mult,parallel-non-tiled,6,speed-up,1200,1200,0.001249
jacobi,parallel-paw-tiled,6,speed-up,1200,1200,0.004920
matrix-mult,parallel-non-tiled,6,speed-up,1200,1200,2.228547
vector-mult,parallel-paw-single-tiled,6,speed-up,1200,1200,0.001371
jacobi,parallel-non-tiled,6,speed-up,1200,1200,0.004268
matrix-mult,parallel-paw-tiled,6,speed-up,1200,1200,1.693075
vector-mult,parallel-paw-tiled,6,speed-up,1200,1200,0.001536
jacobi,parallel-paw-single-tiled,6,speed-up,1200,1200,0.003919
matrix-mult,parallel-paw-single-tiled,7,speed-up,1200,1200,2.258190
vector-mult,parallel-non-tiled,7,speed-up,1200,1200,0.001100
jacobi,parallel-paw-tiled,7,speed-up,1200,1200,0.004334
matrix-mult,parallel-non-tiled,7,speed-up,1200,1200,2.342592
vector-mult,parallel-paw-single-tiled,7,speed-up,1200,1200,0.001231
jacobi,parallel-non-tiled,7,speed-up,1200,1200,0.003605
matrix-mult,parallel-paw-tiled,7,speed-up,1200,1200,1.705318
vector-mult,parallel-paw-tiled,7,speed-up,1200,1200,0.001356
jacobi,parallel-paw-single-tiled,7,speed-up,1200,1200,0.003463
matrix-mult,parallel-paw-single-tiled,8,speed-up,1200,1200,2.204426
vector-mult,parallel-non-tiled,8,speed-up,1200,1200,0.000984
jacobi,parallel-paw-tiled,8,speed-up,1200,1200,0.003810
matrix-mult,parallel-non-tiled,8,speed-up,1200,1200,2.297973
vector-mult,parallel-paw-single-tiled,8,speed-up,1200,1200,0.001110
jacobi,parallel-non-tiled,8,speed-up,1200,1200,0.003172
matrix-mult,parallel-paw-tiled,8,speed-up,1200,1200,1.600094
vector-mult,parallel-paw-tiled,8,speed-up,1200,1200,0.001211
jacobi,parallel-paw-single-tiled,8,speed-up,1200,1200,0.002998
matrix-mult,parallel-paw-single-tiled,1,speed-up,1200,1200,7.385289
vector-mult,parallel-non-tiled,1,speed-up,1200,1200,0.003280
jacobi,parallel-paw-tiled,1,speed-up,1200,1200,0.009075
matrix-mult,parallel-non-tiled,1,speed-up,1200,1200,8.190908
vector-mult,parallel-paw-single-tiled,1,speed-up,1200,1200,0.004419
jacobi,parallel-non-tiled,1,speed-up,1200,1200,0.011437
matrix-mult,parallel-paw-tiled,1,speed-up,1200,1200,5.559714
vector-mult,parallel-paw-tiled,1,speed-up,1200,1200,0.004989
jacobi,parallel-paw-single-tiled,1,speed-up,1200,1200,0.011370
matrix-mult,parallel-paw-single-tiled,2,speed-up,1200,1200,3.847496
vector-mult,parallel-non-tiled,2,speed-up,1200,1200,0.001709
jacobi,parallel-paw-tiled,2,speed-up,1200,1200,0.004521
matrix-mult,parallel-non-tiled,2,speed-up,1200,1200,4.301885
vector-mult,parallel-paw-single-tiled,2,speed-up,1200,1200,0.002425
jacobi,parallel-non-tiled,2,speed-up,1200,1200,0.006466
matrix-mult,parallel-paw-tiled,2,speed-up,1200,1200,2.893880
vector-mult,parallel-paw-tiled,2,speed-up,1200,1200,0.002871
jacobi,parallel-paw-single-tiled,2,speed-up,1200,1200,0.005780
matrix-mult,parallel-paw-single-tiled,3,speed-up,1200,1200,2.593220
vector-mult,parallel-non-tiled,3,speed-up,1200,1200,0.001265
jacobi,parallel-paw-tiled,3,speed-up,1200,1200,0.006030
matrix-mult,parallel-non-tiled,3,speed-up,1200,1200,2.879342
vector-mult,parallel-paw-single-tiled,3,speed-up,1200,1200,0.001738
jacobi,parallel-non-tiled,3,speed-up,1200,1200,0.004394
matrix-mult,parallel-paw-tiled,3,speed-up,1200,1200,1.964590
vector-mult,parallel-paw-tiled,3,speed-up,1200,1200,0.001897
jacobi,parallel-paw-single-tiled,3,speed-up,1200,1200,0.004109
matrix-mult,parallel-paw-single-tiled,4,speed-up,1200,1200,2.007550
vector-mult,parallel-non-tiled,4,speed-up,1200,1200,0.000987
jacobi,parallel-paw-tiled,4,speed-up,1200,1200,0.004661
matrix-mult,parallel-non-tiled,4,speed-up,1200,1200,2.173192
vector-mult,parallel-paw-single-tiled,4,speed-up,1200,1200,0.001445
jacobi,parallel-non-tiled,4,speed-up,1200,1200,0.003590
matrix-mult,parallel-paw-tiled,4,speed-up,1200,1200,1.556692
vector-mult,parallel-paw-tiled,4,speed-up,1200,1200,0.001571
jacobi,parallel-paw-single-tiled,4,speed-up,1200,1200,0.003267
matrix-mult,parallel-paw-single-tiled,5,speed-up,1200,1200,2.470156
vector-mult,parallel-non-tiled,5,speed-up,1200,1200,0.001394
jacobi,parallel-paw-tiled,5,speed-up,1200,1200,0.005275
matrix-mult,parallel-non-tiled,5,speed-up,1200,1200,2.682618
vector-mult,parallel-paw-single-tiled,5,speed-up,1200,1200,0.001596
jacobi,parallel-non-tiled,5,speed-up,1200,1200,0.004877
matrix-mult,parallel-paw-tiled,5,speed-up,1200,1200,1.905558
vector-mult,parallel-paw-tiled,5,speed-up,1200,1200,0.001761
jacobi,parallel-paw-single-tiled,5,speed-up,1200,1200,0.004535
matrix-mult,parallel-paw-single-tiled,6,speed-up,1200,1200,2.149905
vector-mult,parallel-non-tiled,6,speed-up,1200,1200,0.001244
jacobi,parallel-paw-tiled,6,speed-up,1200,1200,0.005265
matrix-mult,parallel-non-tiled,6,speed-up,1200,1200,2.247773
vector-mult,parallel-paw-single-tiled,6,speed-up,1200,1200,0.001366
jacobi,parallel-non-tiled,6,speed-up,1200,1200,0.004094
matrix-mult,parallel-paw-tiled,6,speed-up,1200,1200,1.652813
vector-mult,parallel-paw-tiled,6,speed-up,1200,1200,0.001528
jacobi,parallel-paw-single-tiled,6,speed-up,1200,1200,0.003863
matrix-mult,parallel-paw-single-tiled,7,speed-up,1200,1200,2.242293
vector-mult,parallel-non-tiled,7,speed-up,1200,1200,0.001099
jacobi,parallel-paw-tiled,7,speed-up,1200,1200,0.004312
matrix-mult,parallel-non-tiled,7,speed-up,1200,1200,2.338766
vector-mult,parallel-paw-single-tiled,7,speed-up,1200,1200,0.001216
jacobi,parallel-non-tiled,7,speed-up,1200,1200,0.003665
matrix-mult,parallel-paw-tiled,7,speed-up,1200,1200,1.660516
vector-mult,parallel-paw-tiled,7,speed-up,1200,1200,0.001357
jacobi,parallel-paw-single-tiled,7,speed-up,1200,1200,0.003439
matrix-mult,parallel-paw-single-tiled,8,speed-up,1200,1200,2.211540
vector-mult,parallel-non-tiled,8,speed-up,1200,1200,0.000989
jacobi,parallel-paw-tiled,8,speed-up,1200,1200,0.003797
matrix-mult,parallel-non-tiled,8,speed-up,1200,1200,2.285153
vector-mult,parallel-paw-single-tiled,8,speed-up,1200,1200,0.001118
jacobi,parallel-non-tiled,8,speed-up,1200,1200,0.003174
matrix-mult,parallel-paw-tiled,8,speed-up,1200,1200,1.590027
vector-mult,parallel-paw-tiled,8,speed-up,1200,1200,0.001253
jacobi,parallel-paw-single-tiled,8,speed-up,1200,1200,0.002990
matrix-mult,parallel-paw-single-tiled,1,speed-up,1200,1200,7.475574
vector-mult,parallel-non-tiled,1,speed-up,1200,1200,0.003239
jacobi,parallel-paw-tiled,1,speed-up,1200,1200,0.009171
matrix-mult,parallel-non-tiled,1,speed-up,1200,1200,8.098294
vector-mult,parallel-paw-single-tiled,1,speed-up,1200,1200,0.004392
jacobi,parallel-non-tiled,1,speed-up,1200,1200,0.012049
matrix-mult,parallel-paw-tiled,1,speed-up,1200,1200,5.710923
vector-mult,parallel-paw-tiled,1,speed-up,1200,1200,0.005090
jacobi,parallel-paw-single-tiled,1,speed-up,1200,1200,0.010684
matrix-mult,parallel-paw-single-tiled,2,speed-up,1200,1200,3.783681
vector-mult,parallel-non-tiled,2,speed-up,1200,1200,0.001771
jacobi,parallel-paw-tiled,2,speed-up,1200,1200,0.004559
matrix-mult,parallel-non-tiled,2,speed-up,1200,1200,4.175262
vector-mult,parallel-paw-single-tiled,2,speed-up,1200,1200,0.002469
jacobi,parallel-non-tiled,2,speed-up,1200,1200,0.006215
matrix-mult,parallel-paw-tiled,2,speed-up,1200,1200,2.909474
vector-mult,parallel-paw-tiled,2,speed-up,1200,1200,0.002791
jacobi,parallel-paw-single-tiled,2,speed-up,1200,1200,0.005955
matrix-mult,parallel-paw-single-tiled,3,speed-up,1200,1200,2.664712
vector-mult,parallel-non-tiled,3,speed-up,1200,1200,0.001212
jacobi,parallel-paw-tiled,3,speed-up,1200,1200,0.006048
matrix-mult,parallel-non-tiled,3,speed-up,1200,1200,2.899472
vector-mult,parallel-paw-single-tiled,3,speed-up,1200,1200,0.001485
jacobi,parallel-non-tiled,3,speed-up,1200,1200,0.004395
matrix-mult,parallel-paw-tiled,3,speed-up,1200,1200,2.048716
vector-mult,parallel-paw-tiled,3,speed-up,1200,1200,0.002089
jacobi,parallel-paw-single-tiled,3,speed-up,1200,1200,0.004076
matrix-mult,parallel-paw-single-tiled,4,speed-up,1200,1200,2.008330
vector-mult,parallel-non-tiled,4,speed-up,1200,1200,0.000983
jacobi,parallel-paw-tiled,4,speed-up,1200,1200,0.004705
matrix-mult,parallel-non-tiled,4,speed-up,1200,1200,2.224679
vector-mult,parallel-paw-single-tiled,4,speed-up,1200,1200,0.001484
jacobi,parallel-non-tiled,4,speed-up,1200,1200,0.003413
matrix-mult,parallel-paw-tiled,4,speed-up,1200,1200,1.558300
vector-mult,parallel-paw-tiled,4,speed-up,1200,1200,0.001555
jacobi,parallel-paw-single-tiled,4,speed-up,1200,1200,0.003211
matrix-mult,parallel-paw-single-tiled,5,speed-up,1200,1200,2.475414
vector-mult,parallel-non-tiled,5,speed-up,1200,1200,0.001397
jacobi,parallel-paw-tiled,5,speed-up,1200,1200,0.005280
matrix-mult,parallel-non-tiled,5,speed-up,1200,1200,2.699945
vector-mult,parallel-paw-single-tiled,5,speed-up,1200,1200,0.001575
jacobi,parallel-non-tiled,5,speed-up,1200,1200,0.004890
matrix-mult,parallel-paw-tiled,5,speed-up,1200,1200,1.890804
vector-mult,parallel-paw-tiled,5,speed-up,1200,1200,0.001766
jacobi,parallel-paw-single-tiled,5,speed-up,1200,1200,0.004526
matrix-mult,parallel-paw-single-tiled,6,speed-up,1200,1200,2.179499
vector-mult,parallel-non-tiled,6,speed-up,1200,1200,0.001248
jacobi,parallel-paw-tiled,6,speed-up,1200,1200,0.004900
matrix-mult,parallel-non-tiled,6,speed-up,1200,1200,2.282613
vector-mult,parallel-paw-single-tiled,6,speed-up,1200,1200,0.001369
jacobi,parallel-non-tiled,6,speed-up,1200,1200,0.004119
matrix-mult,parallel-paw-tiled,6,speed-up,1200,1200,1.684169
vector-mult,parallel-paw-tiled,6,speed-up,1200,1200,0.001529
jacobi,parallel-paw-single-tiled,6,speed-up,1200,1200,0.003927
matrix-mult,parallel-paw-single-tiled,7,speed-up,1200,1200,2.253989
vector-mult,parallel-non-tiled,7,speed-up,1200,1200,0.001100
jacobi,parallel-paw-tiled,7,speed-up,1200,1200,0.004318
matrix-mult,parallel-non-tiled,7,speed-up,1200,1200,2.291754
vector-mult,parallel-paw-single-tiled,7,speed-up,1200,1200,0.001215
jacobi,parallel-non-tiled,7,speed-up,1200,1200,0.003605
matrix-mult,parallel-paw-tiled,7,speed-up,1200,1200,1.732638
vector-mult,parallel-paw-tiled,7,speed-up,1200,1200,0.001323
jacobi,parallel-paw-single-tiled,7,speed-up,1200,1200,0.003397
matrix-mult,parallel-paw-single-tiled,8,speed-up,1200,1200,2.192940
vector-mult,parallel-non-tiled,8,speed-up,1200,1200,0.000984
jacobi,parallel-paw-tiled,8,speed-up,1200,1200,0.003836
matrix-mult,parallel-non-tiled,8,speed-up,1200,1200,2.253379
vector-mult,parallel-paw-single-tiled,8,speed-up,1200,1200,0.001111
jacobi,parallel-non-tiled,8,speed-up,1200,1200,0.003184
matrix-mult,parallel-paw-tiled,8,speed-up,1200,1200,1.584832
vector-mult,parallel-paw-tiled,8,speed-up,1200,1200,0.001225
jacobi,parallel-paw-single-tiled,8,speed-up,1200,1200,0.003000
matrix-mult,parallel-paw-single-tiled,1,speed-up,1200,1200,7.272761
vector-mult,parallel-non-tiled,1,speed-up,1200,1200,0.003211
jacobi,parallel-paw-tiled,1,speed-up,1200,1200,0.009242
matrix-mult,parallel-non-tiled,1,speed-up,1200,1200,7.947145
vector-mult,parallel-paw-single-tiled,1,speed-up,1200,1200,0.004419
jacobi,parallel-non-tiled,1,speed-up,1200,1200,0.011763
matrix-mult,parallel-paw-tiled,1,speed-up,1200,1200,5.545666
vector-mult,parallel-paw-tiled,1,speed-up,1200,1200,0.005050
jacobi,parallel-paw-single-tiled,1,speed-up,1200,1200,0.010807
matrix-mult,parallel-paw-single-tiled,2,speed-up,1200,1200,3.802160
vector-mult,parallel-non-tiled,2,speed-up,1200,1200,0.001711
jacobi,parallel-paw-tiled,2,speed-up,1200,1200,0.004548
matrix-mult,parallel-non-tiled,2,speed-up,1200,1200,4.311347
vector-mult,parallel-paw-single-tiled,2,speed-up,1200,1200,0.002420
jacobi,parallel-non-tiled,2,speed-up,1200,1200,0.006312
matrix-mult,parallel-paw-tiled,2,speed-up,1200,1200,2.907003
vector-mult,parallel-paw-tiled,2,speed-up,1200,1200,0.002834
jacobi,parallel-paw-single-tiled,2,speed-up,1200,1200,0.005766
matrix-mult,parallel-paw-single-tiled,3,speed-up,1200,1200,2.595807
vector-mult,parallel-non-tiled,3,speed-up,1200,1200,0.001253
jacobi,parallel-paw-tiled,3,speed-up,1200,1200,0.006064
matrix-mult,parallel-non-tiled,3,speed-up,1200,1200,2.957304
vector-mult,parallel-paw-single-tiled,3,speed-up,1200,1200,0.001717
jacobi,parallel-non-tiled,3,speed-up,1200,1200,0.004365
matrix-mult,parallel-paw-tiled,3,speed-up,1200,1200,1.971760
vector-mult,parallel-paw-tiled,3,speed-up,1200,1200,0.001867
jacobi,parallel-paw-single-tiled,3,speed-up,1200,1200,0.004048
matrix-mult,parallel-paw-single-tiled,4,speed-up,1200,1200,1.959777
vector-mult,parallel-non-tiled,4,speed-up,1200,1200,0.000991
jacobi,parallel-paw-tiled,4,speed-up,1200,1200,0.004636
matrix-mult,parallel-non-tiled,4,speed-up,1200,1200,2.213920
vector-mult,parallel-paw-single-tiled,4,speed-up,1200,1200,0.001458
jacobi,parallel-non-tiled,4,speed-up,1200,1200,0.003486
matrix-mult,parallel-paw-tiled,4,speed-up,1200,1200,1.557649
vector-mult,parallel-paw-tiled,4,speed-up,1200,1200,0.001570
jacobi,parallel-paw-single-tiled,4,speed-up,1200,1200,0.003218
matrix-mult,parallel-paw-single-tiled,5,speed-up,1200,1200,2.466712
vector-mult,parallel-non-tiled,5,speed-up,1200,1200,0.001400
jacobi,parallel-paw-tiled,5,speed-up,1200,1200,0.005283
matrix-mult,parallel-non-tiled,5,speed-up,1200,1200,2.611492
vector-mult,parallel-paw-single-tiled,5,speed-up,1200,1200,0.001576
jacobi,parallel-non-tiled,5,speed-up,1200,1200,0.004829
matrix-mult,parallel-paw-tiled,5,speed-up,1200,1200,1.866735
vector-mult,parallel-paw-tiled,5,speed-up,1200,1200,0.001770
jacobi,parallel-paw-single-tiled,5,speed-up,1200,1200,0.004537
matrix-mult,parallel-paw-single-tiled,6,speed-up,1200,1200,2.109012
vector-mult,parallel-non-tiled,6,speed-up,1200,1200,0.001247
jacobi,parallel-paw-tiled,6,speed-up,1200,1200,0.004878
matrix-mult,parallel-non-tiled,6,speed-up,1200,1200,2.266479
vector-mult,parallel-paw-single-tiled,6,speed-up,1200,1200,0.001375
jacobi,parallel-non-tiled,6,speed-up,1200,1200,0.004120
matrix-mult,parallel-paw-tiled,6,speed-up,1200,1200,1.674217
vector-mult,parallel-paw-tiled,6,speed-up,1200,1200,0.001527
jacobi,parallel-paw-single-tiled,6,speed-up,1200,1200,0.003951
matrix-mult,parallel-paw-single-tiled,7,speed-up,1200,1200,2.234335
vector-mult,parallel-non-tiled,7,speed-up,1200,1200,0.001069
jacobi,parallel-paw-tiled,7,speed-up,1200,1200,0.004334
matrix-mult,parallel-non-tiled,7,speed-up,1200,1200,2.367762
vector-mult,parallel-paw-single-tiled,7,speed-up,1200,1200,0.001215
jacobi,parallel-non-tiled,7,speed-up,1200,1200,0.003552
matrix-mult,parallel-paw-tiled,7,speed-up,1200,1200,1.673101
vector-mult,parallel-paw-tiled,7,speed-up,1200,1200,0.001359
jacobi,parallel-paw-single-tiled,7,speed-up,1200,1200,0.003379
matrix-mult,parallel-paw-single-tiled,8,speed-up,1200,1200,2.166277
vector-mult,parallel-non-tiled,8,speed-up,1200,1200,0.000995
jacobi,parallel-paw-tiled,8,speed-up,1200,1200,0.003831
matrix-mult,parallel-non-tiled,8,speed-up,1200,1200,2.295475
vector-mult,parallel-paw-single-tiled,8,speed-up,1200,1200,0.001073
jacobi,parallel-non-tiled,8,speed-up,1200,1200,0.003175
matrix-mult,parallel-paw-tiled,8,speed-up,1200,1200,1.592870
vector-mult,parallel-paw-tiled,8,speed-up,1200,1200,0.001221
jacobi,parallel-paw-single-tiled,8,speed-up,1200,1200,0.003020
